3718;33 Station Accueil Racine;10;DEPLACEMENT;1003;Transport partagé;100301;Bicloo;;NANTES;5 Rue Racine;01 30 79 33 44;www.bicloo.nantesmetropole.fr;44000;-1,5631877059;47,2134832603
4026;Station Baco;10;DEPLACEMENT;1003;Transport partagé;100302;Marguerite;;NANTES;3 Chaussée de la Madeleine;02 40 58 44 14;www.imarguerite.com;44000;-1,5525276391;47,212178706
3706;22 Station Accueil Moquechien;10;DEPLACEMENT;1003;Transport partagé;100301;Bicloo;;NANTES;8 Rue Moquechien;01 30 79 33 44;www.bicloo.nantesmetropole.fr;44000;-1,5555829793;47,2203790475
3693;9 Station Accueil Guépin;10;DEPLACEMENT;1003;Transport partagé;100301;Bicloo;;NANTES;2 Rue du Calvaire;01 30 79 33 44;www.bicloo.nantesmetropole.fr;44000;-1,5591557379;47,2158294341
3691;7 Station Accueil Barillerie;10;DEPLACEMENT;1003;Transport partagé;100301;Bicloo;;NANTES;2 Allée Penthiévre;01 30 79 33 44;www.bicloo.nantesmetropole.fr;44000;-1,55610038;47,2154096299
3697;13 Station Abonnement et Bonus Bretagne Sud;10;DEPLACEMENT;1003;Transport partagé;100301;Bicloo;;NANTES;1 Rue Pierre Chéreau;01 30 79 33 44;www.bicloo.nantesmetropole.fr;44000;-1,5591573179;47,2167500594
3735;50 Station Abonnement Château;10;DEPLACEMENT;1003;Transport partagé;100301;Bicloo;;NANTES;2 Rue des Etats;01 30 79 33 44;www.bicloo.nantesmetropole.fr;44000;-1,5502760023;47,2151359323
3743;58 Station Accueil Palais des Sports;10;DEPLACEMENT;1003;Transport partagé;100301;Bicloo;;NANTES;21 Rue René Viviani;01 30 79 33 44;www.bicloo.nantesmetropole.fr;44200;-1,5359991607;47,2084771962
3732;47 Station Abonnement Martyrs Nantais;10;DEPLACEMENT;1003;Transport partagé;100301;Bicloo;;NANTES;21 Boulevard Gaston Doumergue;01 30 79 33 44;www.bicloo.nantesmetropole.fr;44200;-1,5481798505;47,2070353646
4071;Aire de covoiturage Sautron;10;DEPLACEMENT;1006;Aire de covoiturage;;Covoiturage;;SAUTRON;51 Rue de la Vallée;08 11 13 01 44;www.covoiturage-nantesmetropole.fr;44880;-1,6710596731;47,2681305548
3686;2 Station Accueil Hôtel de Ville;10;DEPLACEMENT;1003;Transport partagé;100301;Bicloo;;NANTES;29 Rue de Strasbourg;01 30 79 33 44;www.bicloo.nantesmetropole.fr;44000;-1,5535442685;47,2185640016
3733;48 Station Abonnement Verdun;10;DEPLACEMENT;1003;Transport partagé;100301;Bicloo;;NANTES;17 Rue de Verdun;01 30 79 33 44;www.bicloo.nantesmetropole.fr;44000;-1,5518681765;47,2175167697
3994;91 Station Abonnement Rond Point Vannes;10;DEPLACEMENT;1003;Transport partagé;100301;Bicloo;;NANTES;63B Boulevard Lelasseur;01 30 79 33 44;www.bicloo.nantesmetropole.fr;44000;-1,5720120913;47,2296753453
4048;Gare Routière Baco Lila;10;DEPLACEMENT;1004;Transport en commun;100404;Gare;;NANTES;13 Allée de la Maison Rouge;08 25 08 71 56;www.loire-atlantique.fr/lila;44000;-1,5527699489;47,2126755418
3750;64 Station Abonnement et Bonus Saint Clément;10;DEPLACEMENT;1003;Transport partagé;100301;Bicloo;;NANTES;37 Rue Maréchal Joffre;01 30 79 33 44;www.bicloo.nantesmetropole.fr;44000;-1,5471717248;47,2217983948
3731;46 Station Accueil Place République;10;DEPLACEMENT;1003;Transport partagé;100301;Bicloo;;NANTES;3 Place de la République;01 30 79 33 44;www.bicloo.nantesmetropole.fr;44200;-1,5551938616;47,2054012266
3830;87 Station Accueil Anatole-France;10;DEPLACEMENT;1003;Transport partagé;100301;Bicloo;;NANTES;34 Rue Alexandre Dumas;01 30 79 33 44;www.bicloo.nantesmetropole.fr;44000;-1,5713923605;47,2236164437
3754;68 Station Accueil Livet;10;DEPLACEMENT;1003;Transport partagé;100301;Bicloo;;NANTES;65 Rue Dufour;01 30 79 33 44;www.bicloo.nanresmetropole.fr;44000;-1,545216321;47,2240954955
3738;53 Station Accueil Olivettes;10;DEPLACEMENT;1003;Transport partagé;100301;Bicloo;;NANTES;10 Rue des Olivettes;01 30 79 33 44;www.bicloo.nantesmetropole.fr;44000;-1,5499593511;47,2117494266
3745;60 Station Abonnement Gare Sud;10;DEPLACEMENT;1003;Transport partagé;100301;Bicloo;;NANTES;12 Rue de Lourmel;01 30 79 33 44;www.bicloo.nanresmetropole.fr;44000;-1,5428659609;47,2159307421
1042;Gare SNCF de Nantes Sud;10;DEPLACEMENT;1004;Transport en commun;100403;Gare;;NANTES;2 Rue de Lourmel;36 35;www.gares-connexions.com;44000;-1,5415584603;47,2164488544
4066;Station Canclaux;10;DEPLACEMENT;1003;Transport partagé;100302;Marguerite;;NANTES;Place Canclaux;02 40 58 44 14;www.imarguerite.com;44100;-1,5748404377;47,2141707767
4020;Station Bretagne;10;DEPLACEMENT;1003;Transport partagé;100302;Marguerite;;NANTES;Place de Bretagne;02 40 58 44 14;www.imarguerite.com;44000;-1,5596335432;47,2174899074
3692;8 Station Abonnement Boucherie;10;DEPLACEMENT;1003;Transport partagé;100301;Bicloo;;NANTES;Rue de la Boucherie;01 30 79 33 44;www.bicloo.nantesmetropole.fr;44000;-1,5570906868;47,2162081426
1043;Parking ouvrage Aristide Briand;10;DEPLACEMENT;1001;Parking Ouvrage;100101;Parking;;NANTES;Place Aristide Briand;08 10 26 30 00;www.vincipark.com;44000;-1,5629364181;47,2170936049
3699;15 Station Accueil Place Aristide Briand;10;DEPLACEMENT;1003;Transport partagé;100301;Bicloo;;NANTES;Place Aristide Briand;01 30 79 33 44;www.bicloo.nantesmetropole.fr;44000;-1,5630055035;47,2171962876
4023;Station Aristide Briand;10;DEPLACEMENT;1003;Transport partagé;100302;Marguerite;;NANTES;Place Aristide Briand;02 40 58 44 14;www.imarguerite.com;44000;-1,5624656224;47,2172290515
2532;Port de Trentemoult;10;DEPLACEMENT;1004;Transport en commun;100402;Port;;REZE;Allée Claude Choëmet;02 51 84 94 51;www.nge-nantes.fr;44400;-1,5789061649;47,1953745262
3650;Parc en enclos Bellamy;10;DEPLACEMENT;1005;Parc en Enclos;;Parking;;NANTES;Impasse de la Courtine;02 51 84 94 51;www.parkings-nantes.fr;44000;-1,5576936926;47,2223604161
3196;Parc relais tramway René Cassin;10;DEPLACEMENT;1002;Parc Relais;100203;Parking;;NANTES;Route de la Chapelle Sur Erdre;02 40 44 44 44;www.tan.fr;44300;-1,5749979075;47,263950926
3752;66 Station Accueil Chanzy;10;DEPLACEMENT;1003;Transport partagé;100301;Bicloo;;NANTES;Avenue Chanzy;01 30 79 33 44;www.bicloo.nantesmetropole.fr;44000;-1,5480180218;47,2254413948
3973;10 Station Accueil Picasso;10;DEPLACEMENT;1003;Transport partagé;100301;Bicloo;;NANTES;Mail Pablo Picasso;01 30 79 33 44;www.bicloo.nantesmetropole.fr;44000;-1,534229121;47,2163435868
3763;77 Station Accueil Ecole d'Architecture;10;DEPLACEMENT;1003;Transport partagé;100301;Bicloo;;NANTES;Quai François Mitterrand;01 30 79 33 44;www.bicloo.nantesmetropole.fr;44200;-1,5575512597;47,207616902
4076;Parc relais tramway Santos Dumont;10;DEPLACEMENT;1002;Parc Relais;100203;Parking;;NANTES;Rue des Renards;02 40 44 44 44;www.tan.fr;44300;-1,5682271079;47,259323673
4016;Aire de covoiturage Pas Enchantés;10;DEPLACEMENT;1006;Aire de covoiturage;;Covoiturage;;ST-SEBASTIEN;Boulevard des Pas Enchantés;08 11 13 01 44;www.covoiturage-nantesmetropole.fr;44230;-1,5039410585;47,2103889373
4077;72 Station Accueil Bellamy Gué-Moreau;10;DEPLACEMENT;1003;Transport partagé;100301;Bicloo;;NANTES;Rue Paul Bellamy;01 30 79 33 44;www.bicloo.nantesmetropole.fr;44000;-1,5619201492;47,2286141235
3753;67 Station Accueil Place Waldeck Rousseau;10;DEPLACEMENT;1003;Transport partagé;100301;Bicloo;;NANTES;Place Waldeck Rousseau;01 30 79 33 44;www.bicloo.nantesmetropole.fr;44000;-1,5521661391;47,2277863382
1046;Parking ouvrage Talensac;10;DEPLACEMENT;1001;Parking Ouvrage;100102;Parking;;NANTES;Rue Le Nôtre;02 51 84 94 51;www.parkings-nantes.fr;44000;-1,5583572999;47,220255981
4021;Station 50 Otages;10;DEPLACEMENT;1003;Transport partagé;100302;Marguerite;;NANTES;Rue Le Nôtre;02 40 58 44 14;www.imarguerite.com;44000;-1,5573213773;47,2194459582
3717;32 Station Accueil Rubens;10;DEPLACEMENT;1003;Transport partagé;100301;Bicloo;;NANTES;Rue Rubens;01 30 79 33 44;www.bicloo.nantesmetropole.fr;44000;-1,5602872907;47,2143514409
3708;24 Station Accueil Versailles;10;DEPLACEMENT;1003;Transport partagé;100301;Bicloo;;NANTES;Quai de Versailles;01 30 79 33 44;www.bicloo.nantesmetropole.fr;44000;-1,5537280321;47,2244233839
1624;Port de l'Erdre;10;DEPLACEMENT;1004;Transport en commun;100402;Port;;NANTES;Quai de Versailles;02 40 37 04 62;www.nge-nantes.fr;44000;-1,553724598;47,2252035773
3722;37 Station Accueil Feydeau;10;DEPLACEMENT;1003;Transport partagé;100301;Bicloo;;NANTES;Rue Gaston Veil;01 30 79 33 44;www.bicloo.nantesmetropole.fr;44000;-1,5568824834;47,2114728989
261;Gare SNCF de Chantenay;10;DEPLACEMENT;1004;Transport en commun;100403;Gare;;NANTES;Rue de la Gare de Chantenay;36 35;www.gares-connexions.com;44100;-1,5943549932;47,1972022454
4031;Station Doulon;10;DEPLACEMENT;1003;Transport partagé;100302;Marguerite;;NANTES;Place Gabriel Trarieux;02 40 58 44 14;www.imarguerite.com;44300;-1,5224169704;47,2258990163
1045;Parking ouvrage Gare Sud 1;10;DEPLACEMENT;1001;Parking Ouvrage;100102;Parking;;NANTES;Rue de Lourmel;08 25 88 88 26;www.resaplace.com;44000;-1,5410368285;47,216149636
3197;Parc relais tramway Pirmil;10;DEPLACEMENT;1002;Parc Relais;100203;Parking;;NANTES;Rue Esnoult des Châtelets;02 40 44 44 44;www.tan.fr;44200;-1,5415335946;47,1973586776
4049;Gare Routière Pirmil Lila;10;DEPLACEMENT;1004;Transport en commun;100404;Gare routière;;NANTES;Rue Esnoult des Châtelets;08 25 08 71 56;www.loire-atlantique.fr/lila;44200;-1,5426733507;47,1963923436
3997;101 Station Abonnement Pirmil;10;DEPLACEMENT;1003;Transport partagé;100301;Bicloo;;NANTES;Rue Esnoult des Châtelets;01 30 79 33 44;www.bicloo.nantesmetropole.fr;44200;-1,5414506336;47,1966294882
677;Parking ouvrage Commerce;10;DEPLACEMENT;1001;Parking Ouvrage;100101;Parking;;NANTES;Place du Commerce;02 51 84 94 51;www.parkings-nantes.fr;44000;-1,5577132197;47,2131202858
3726;41 Station Accueil Chantier Naval;10;DEPLACEMENT;1003;Transport partagé;100301;Bicloo;;NANTES;Rue Mathurin Brissonneau;01 30 79 33 44;www.bicloo.nantesmetropole.fr;44100;-1,5695431622;47,2083688396
3551;Parc en enclos Baco-LU;10;DEPLACEMENT;1005;Parc en Enclos;;Parking;;NANTES;Allée Baco;02 51 84 94 51;www.parkings-nantes.fr;44000;-1,549872883;47,213855249
3737;52 Station Accueil Baco;10;DEPLACEMENT;1003;Transport partagé;100301;Bicloo;;NANTES;Allée Baco;01 30 79 33 44;www.bicloo.nantesmetropole.fr;44000;-1,5487689375;47,2143388426
3951;Parking ouvrage Les Machines;10;DEPLACEMENT;1001;Parking Ouvrage;100102;Parking;;NANTES;Rue Arthur III;08 25 88 88 26;www.resaplace.com;44200;-1,5627277924;47,2059006221
3835;80 Station Accueil Victor-Hugo;10;DEPLACEMENT;1003;Transport partagé;100301;Bicloo;;NANTES;Boulevard Victor Hugo;01 30 79 33 44;www.bicloo.nantesmetropole.fr;44200;-1,5515673251;47,20401436
4033;Station Mangin;10;DEPLACEMENT;1003;Transport partagé;100302;Marguerite;;NANTES;Boulevard Victor Hugo;02 40 58 44 14;www.imarguerite.com;44200;-1,5454484544;47,2010618626
3687;3 Station Accueil Strasbourg;10;DEPLACEMENT;1003;Transport partagé;100301;Bicloo;;NANTES;Place Tirant Lo Blanc;01 30 79 33 44;www.bicloo.nantesmetropole.fr;44000;-1,551617565;47,2165328547
3705;21 Station Accueil Marché Talensac Sud;10;DEPLACEMENT;1003;Transport partagé;100301;Bicloo;;NANTES;Rue de Talensac;01 30 79 33 44;www.bicloo.nantesmetropole.fr;44000;-1,5564947718;47,2211548184
3999;100 Station Abonnement Gréneraie;10;DEPLACEMENT;1003;Transport partagé;100301;Bicloo;;NANTES;Côte Saint Sébastien;01 30 79 33 44;www.bicloo.nantesmetropole.fr;44200;-1,5346071538;47,1999707102
4036;Station Zola;10;DEPLACEMENT;1003;Transport partagé;100302;Marguerite;;NANTES;Rue des Renardières;02 40 58 44 14;www.imarguerite.com;44100;-1,5863462041;47,2138994604
1341;Parc relais tramway Recteur Schmitt 1;10;DEPLACEMENT;1002;Parc Relais;100201;Parking;;NANTES;Rue Recteur Schmitt;02 40 44 44 44;www.tan.fr;44300;-1,5529031044;47,2517352539
3191;Parc relais tramway Recteur Schmitt 2;10;DEPLACEMENT;1002;Parc Relais;100203;Parking;;NANTES;Rue Recteur Schmitt;02 40 44 44 44;www.tan.fr;44300;-1,5524703846;47,2520277017
3584;Parc relais tramway Orvault Morlière;10;DEPLACEMENT;1002;Parc Relais;100201;Parking;;ORVAULT;Avenue de la Morlière;02 40 44 44 44;www.tan.fr;44700;-1,6030494668;47,2467766477
245;Gare SNCF de Doulon;10;DEPLACEMENT;1004;Transport en commun;100403;Gare;;NANTES;Rue des Perrines;36 35;www.gares-connexions.com;44300;-1,5172440273;47,2285285049
3553;Gare SNCF de St-Sébastien Pas Enchantés;10;DEPLACEMENT;1004;Transport en commun;100403;Gare;;ST-SEBASTIEN;Rue du Docteur Paul Michaux;36 35;www.gares-connexions.com;44230;-1,5111130635;47,207008774
663;Gare Routière Baco Eurolines;10;DEPLACEMENT;1004;Transport en commun;100404;Gare routière;;NANTES;Allée de la Maison Rouge;08 92 89 90 91;www.eurolines.fr;44000;-1,5527607719;47,2127402501
4052;Gare Routière Haluchère Lila;10;DEPLACEMENT;1004;Transport en commun;100404;Gare routière;;NANTES;Boulevard Jules Verne;08 25 08 71 56;www.loire-atlantique.fr/lila;44300;-1,5214318859;47,248021163
3720;35 Station Abonnement Jean V;10;DEPLACEMENT;1003;Transport partagé;100301;Bicloo;;NANTES;Place Jean V;01 30 79 33 44;www.bicloo.nantesmetropole.fr;44000;-1,5655628921;47,2121803707
4028;Station Cité des Congrès;10;DEPLACEMENT;1003;Transport partagé;100302;Marguerite;;NANTES;Rue de Valmy;02 40 58 44 14;www.imarguerite.com;44000;-1,5443904845;47,2133927462
3652;Parking ouvrage Cathédrale;10;DEPLACEMENT;1001;Parking Ouvrage;100101;Parking;;NANTES;Rue Sully;02 51 84 94 51;www.parkings-nantes.fr;44000;-1,5510561683;47,2208133511
3990;Pac en enclos Viviani;10;DEPLACEMENT;1005;Parc en Enclos;;Parking;;NANTES;Rue René Viviani;02 51 84 94 51;www.parkings-nantes.fr;44200;-1,5361970698;47,2087756043
3628;Parc relais busway Gréneraie;10;DEPLACEMENT;1002;Parc Relais;100202;Parking;;NANTES;Boulevard Emile Gabory;02 40 44 44 44;www.tan.fr;44200;-1,5333336232;47,2001390393
3837;82 Station Accueil Sébilleau;10;DEPLACEMENT;1003;Transport partagé;100301;Bicloo;;NANTES;Rue Docteur Jules Sébilleau;01 30 79 33 44;www.bicloo.nantesmetropole.fr;44200;-1,5331363629;47,2067685847
3555;Parc en enclos Gare Sud 3;10;DEPLACEMENT;1005;Parc en Enclos;;Parking;;NANTES;Rue Marcel Paul;08 25 88 88 26;www.resaplace.com;44000;-1,5378948283;47,2161358595
3550;Parc en enclos Hôtel Dieu;10;DEPLACEMENT;1005;Parc en Enclos;;Parking;;NANTES;Chaussée de la Madeleine;02 51 84 94 51;www.parkings-nantes.fr;44000;-1,5519831123;47,211057086
3723;38 Station Abonnement Place Ricordeau;10;DEPLACEMENT;1003;Transport partagé;100301;Bicloo;;NANTES;Chaussée de la Madeleine;01 30 79 33 44;www.bicloo.nantesmetropole.fr;44000;-1,552930076;47,2121160392
4035;Station Mairie de Chantenay;10;DEPLACEMENT;1003;Transport partagé;100302;Marguerite;;NANTES;Boulevard de la Liberté;02 40 58 44 14;www.imarguerite.com;44100;-1,5878712567;47,2065168341
3200;Parc relais TER Frêne Rond;10;DEPLACEMENT;1002;Parc Relais;100203;Parking;;ST-SEBASTIEN;Rue de l'Ouche Quinet;02 40 44 44 44;www.tan.fr;44230;-1,4962183089;47,1905492575
3353;Gare SNCF de St-Sébastien Frêne Rond;10;DEPLACEMENT;1004;Transport en commun;100403;Gare;;ST-SEBASTIEN;Rue de l'Ouche Quinet;36 35;www.gares-connexions.com;44230;-1,4959280559;47,1902026129
3648;Parc relais TER Gare de Pont-Rousseau;10;DEPLACEMENT;1002;Parc Relais;100202;Parking;;REZE;Avenue de la Libération;02 40 44 44 44;www.tan.fr;44400;-1,5481902721;47,1928009988
4032;Station Ecole d'Architecture;10;DEPLACEMENT;1003;Transport partagé;100302;Marguerite;;NANTES;Place François II;02 40 58 44 14;www.imarguerite.com;44200;-1,5565704635;47,2064491542
3712;28 Station Accueil Place Edit de Nantes;10;DEPLACEMENT;1003;Transport partagé;100301;Bicloo;;NANTES;Place de l'Edit de Nantes;01 30 79 33 44;www.bicloo.nantesmetropole.fr;44100;-1,5676107501;47,214459028
3558;Parc relais tramway Neustrie 2;10;DEPLACEMENT;1002;Parc Relais;100202;Parking;;BOUGUENAIS;Rue de la Neustrie;02 40 44 44 44;www.tan.fr;44340;-1,5933996965;47,1766724511
4072;Parc en enclos Chantiers Navals;10;DEPLACEMENT;1005;Parc en Enclos;;Parking;;NANTES;Quai de la Fosse;02 51 84 94 51;www.parkings-nantes.fr;44100;-1,5689156096;47,2082893195
4053;103 Station Mobile;10;DEPLACEMENT;1003;Transport partagé;100301;Bicloo;;NANTES;Quai Fernand Crouan;01 30 79 33 44;www.bicloo.nantesmetropole.fr;44200;-1,5697037353;47,2059145067
3192;Parc relais tramway La Beaujoire;10;DEPLACEMENT;1002;Parc Relais;100202;Parking;;NANTES;Rue Colette;02 40 44 44 44;www.tan.fr;44300;-1,5273984706;47,2594833037
3188;Parc relais tramway Frachon;10;DEPLACEMENT;1002;Parc Relais;100203;Parking;;ST-HERBLAIN;Boulevard Salvador Allende;02 40 44 44 44;www.tan.fr;44800;-1,6216333618;47,2186961366
3198;Parc relais tramway Goudy;10;DEPLACEMENT;1002;Parc Relais;100202;Parking;;NANTES;Rue Gabriel Goudy;02 40 44 44 44;www.tan.fr;44200;-1,5410477469;47,1960989467
1658;Service Maritime et Navigation Ecluse Saint Félix;10;DEPLACEMENT;1004;Transport en commun;100402;Port;;NANTES;Quai Ferdinand Favre;02 40 71 02 19;www.equipement.gouv.fr;44000;-1,5408989995;47,2125286073
3756;70 Station Abonnement et Bonus Foch Cathédrale;10;DEPLACEMENT;1003;Transport partagé;100301;Bicloo;;NANTES;Rue de l'Evêché;01 30 79 33 44;www.bicloo.nantesmetropole.fr;44000;-1,5504801368;47,2186945659
3778;Parc relais busway Bourdonnières 2;10;DEPLACEMENT;1002;Parc Relais;100203;Parking;;NANTES;Rue des Bourdonnières;02 40 44 44 44;www.tan.fr;44200;-1,5231513316;47,1867242428
280;Parking ouvrage Gare Nord;10;DEPLACEMENT;1001;Parking Ouvrage;100102;Parking;;NANTES;Boulevard de Stalingrad;08 25 88 88 26;www.resaplace.com;44000;-1,5449843341;47,2166890402
281;Gare SNCF de Nantes Nord - Direction régionale;10;DEPLACEMENT;1004;Transport en commun;100403;Gare;;NANTES;Boulevard de Stalingrad;36 35;www.gares-connexions.com;44000;-1,5423599661;47,2174431607
4030;Station Manufacture;10;DEPLACEMENT;1003;Transport partagé;100302;Marguerite;;NANTES;Boulevard de Stalingrad;02 40 58 44 14;www.imarguerite.com;44000;-1,5358649852;47,2191075621
3950;Parc en enclos Courte Durée Gare Nord;10;DEPLACEMENT;1005;Parc en Enclos;;Parking;;NANTES;Boulevard de Stalingrad;08 25 88 88 26;www.resaplace.com;44000;-1,5434787508;47,2172647322
3974;51 Station Abonnement Berlin;10;DEPLACEMENT;1003;Transport partagé;100301;Bicloo;;NANTES;Boulevard de Berlin;01 30 79 33 44;www.bicloo.nantesmetropole.fr;44000;-1,5300725006;47,21439147
4024;Station Commerce;10;DEPLACEMENT;1003;Transport partagé;100302;Marguerite;;NANTES;Place de la Petite Hollande;02 40 58 44 14;www.imarguerite.com;44000;-1,5579460661;47,2123927721
134;Parking ouvrage Médiathèque;10;DEPLACEMENT;1001;Parking Ouvrage;100103;Parking;;NANTES;Rue Neuve des Capucins;02 51 84 94 51;www.parkings-nantes.fr;44000;-1,562338176;47,2108708271
4019;Aire de covoiturage La Croix de Mauves;10;DEPLACEMENT;1006;Aire de covoiturage;;Covoiturage;;MAUVES-SUR-LOIRE;RD 723;08 11 13 01 44;www.covoiturage-nantesmetropole.fr;44470;-1,3981722587;47,3002662582
3562;Parc relais tramway Neustrie 1;10;DEPLACEMENT;1002;Parc Relais;100202;Parking;;BOUGUENAIS;Chemin de la Neustrie;02 40 44 44 44;www.tan.fr;44340;-1,5932723509;47,1756933085
3739;54 Station Abonnement Cité Internationale des Congrès;10;DEPLACEMENT;1003;Transport partagé;100301;Bicloo;;NANTES;Rue de Jemmapes;01 30 79 33 44;www.bicloo.nantesmetropole.fr;44000;-1,5450274838;47,213168554
2518;Gare SNCF de Thouaré-sur-Loire;10;DEPLACEMENT;1004;Transport en commun;100403;Gare;;THOUARE-SUR-LOIRE;Place de la République;36 35;www.gares-connexions.com;44470;-1,4409638607;47,2651201185
3564;Parc relais TER Gare de Thouaré-sur-Loire;10;DEPLACEMENT;1002;Parc Relais;100203;Parking;;THOUARE-SUR-LOIRE;Place de la République;02 40 44 44 44;www.tan.fr;44470;-1,4413893537;47,2647119909
4037;Station Sainte Thérèse;10;DEPLACEMENT;1003;Transport partagé;100302;Marguerite;;NANTES;Boulevard Boulay Paty;02 40 58 44 14;www.imarguerite.com;44100;-1,5772477546;47,2322056559
3554;Parc en enclos Château;10;DEPLACEMENT;1005;Parc en Enclos;;Parking;;NANTES;Rue Henri IV;02 51 84 94 51;www.parkings-nantes.fr;44000;-1,5478504497;47,216989961
4038;Station Duchesse Anne;10;DEPLACEMENT;1003;Transport partagé;100302;Marguerite;;NANTES;Rue Henri IV;02 40 58 44 14;www.imarguerite.com;44000;-1,5474014794;47,2167763176
3734;49 Station Accueil Duchesse Anne;10;DEPLACEMENT;1003;Transport partagé;100301;Bicloo;;NANTES;Rue Henri IV;01 30 79 33 44;www.bicloo.nantesmetropole.fr;44000;-1,5470772208;47,2165287486
4018;Aire de covoiturage La Charmelière;10;DEPLACEMENT;1006;Aire de covoiturage;;Covoiturage;;CARQUEFOU;RD 37;08 11 13 01 44;www.covoiturage-nantesmetropole.fr;44470;-1,4738172227;47,2948276011
4014;Aire de covoiturage Georges Brassens;10;DEPLACEMENT;1006;Aire de covoiturage;;Covoiturage;;LA-MONTAGNE;Rue de la Gaudinière;08 11 13 01 44;www.covoiturage-nantesmetropole.fr;44620;-1,6761600551;47,1833638134
3195;Parc relais tramway Trocardière;10;DEPLACEMENT;1002;Parc Relais;100203;Parking;;REZE;Avenue Léon Blum;02 40 44 44 44;www.tan.fr;44400;-1,5710955894;47,1832927459
2519;Gare SNCF de Mauves-sur-Loire;10;DEPLACEMENT;1004;Transport en commun;100403;Gare;;MAUVES-SUR-LOIRE;Place de la Gare;36 35;www.gares-connexions.com;44470;-1,389303479;47,2930081698
3565;Parc relais TER Gare de Mauves-sur-Loire;10;DEPLACEMENT;1002;Parc Relais;100203;Parking;;MAUVES-SUR-LOIRE;Place de la Gare;02 40 44 44 44;www.tan.fr;44470;-1,3889048867;47,2932583339
2109;Aéroport Nantes Atlantique;10;DEPLACEMENT;1004;Transport en commun;100401;Aéroport;Public;BOUGUENAIS;Rue Clément Ader;02 40 84 80 00;www.nantes.aeroport.fr;44340;-1,6017820698;47,1575191482
3194;Parc relais tramway 8 Mai;10;DEPLACEMENT;1002;Parc Relais;100201;Parking;;REZE;Avenue André Malraux;02 40 44 44 44;www.tan.fr;44400;-1,551691452;47,1901779141
4005;98 Station Abonnement Huit Mai;10;DEPLACEMENT;1003;Transport partagé;100301;Bicloo;;REZE;Place du 8 Mai 1945;01 30 79 33 44;www.bicloo.nantesmetropole.fr;44400;-1,5518212595;47,1899986201
2497;Bacs de Loire entre Couëron et Le Pellerin;10;DEPLACEMENT;1004;Transport en commun;100402;Port;;COUERON;RD 91;02 40 86 01 29;www.loire-atlantique.fr;44220;-1,7522547291;47,2059274676
4011;Aire de covoiturage Le Paradis;10;DEPLACEMENT;1006;Aire de covoiturage;;Covoiturage;;COUERON;RD 91;08 11 13 01 44;www.covoiturage-nantesmetropole.fr;44220;-1,7516156815;47,2058433058
3695;11 Station Accueil Calvaire;10;DEPLACEMENT;1003;Transport partagé;100301;Bicloo;;NANTES;Place des Volontaires de la Défense Passive;01 30 79 33 44;www.bicloo.nantesmetropole.fr;44000;-1,5606063069;47,215599182
3651;Parc en enclos CHU;10;DEPLACEMENT;1005;Parc en Enclos;;Parking;;NANTES;Quai de Tourville;02 51 84 94 51;www.parkings-nantes.fr;44000;-1,557250234;47,2093619716
3748;63 Station Accueil Jardins des Plantes;10;DEPLACEMENT;1003;Transport partagé;100301;Bicloo;;NANTES;6 Rue Stanislas Baudry;01 30 79 33 44;www.bicloo.nantesmetropole.fr;44000;-1,5447641096;47,2199317719
282;Gare Fluviale Bateaux Nantais;10;DEPLACEMENT;1004;Transport en commun;100402;Port;;NANTES;15 Place Waldeck Rousseau;02 40 14 51 14;www.bateaux-nantais.fr;44000;-1,5516367392;47,2279684766
3702;18 Station Abonnement et Bonus Place Viarme;10;DEPLACEMENT;1003;Transport partagé;100301;Bicloo;;NANTES;23 Place Viarme;01 30 79 33 44;www.bicloo.nantesmetropole.fr;44000;-1,5633269811;47,221440878
3836;81 Station Abonnement Mangin;10;DEPLACEMENT;1003;Transport partagé;100301;Bicloo;;NANTES;8 Place Victor Mangin;01 30 79 33 44;www.bicloo.nantesmetropole.fr;44200;-1,5454976274;47,2010219272
4001;95 Station Abonnement Michelet;10;DEPLACEMENT;1003;Transport partagé;100301;Bicloo;;NANTES;38 Boulevard Michelet;01 30 79 33 44;www.bicloo.nantesmetropole.fr;44300;-1,556388702;47,2350837067
3704;20 Station Abonnement Bellamy;10;DEPLACEMENT;1003;Transport partagé;100301;Bicloo;;NANTES;29 Rue Paul Bellamy;01 30 79 33 44;www.bicloo.nantesmetropole.fr;44000;-1,5576598544;47,2233487956
3952;85 Station Accueil et Bonus Bel Air;10;DEPLACEMENT;1003;Transport partagé;100301;Bicloo;;NANTES;102 Rue Paul Bellamy;01 30 79 33 44;www.bicloo.nantesmetropole.fr;44000;-1,5600412214;47,2264060339
3751;65 Station Accueil Sully;10;DEPLACEMENT;1003;Transport partagé;100301;Bicloo;;NANTES;7 Cours Sully;01 30 79 33 44;www.bicloo.nantesmetropole.fr;44000;-1,5516848392;47,2225988185
3729;44 Station Accueil Palais de Justice;10;DEPLACEMENT;1003;Transport partagé;100301;Bicloo;;NANTES;19 Quai François Mitterrand;01 30 79 33 44;www.bicloo.nantesmetropole.fr;44200;-1,5612424537;47,2083631782
3583;Parc relais tramway Morlière Paquelais;10;DEPLACEMENT;1002;Parc Relais;100203;Parking;;ORVAULT;50 Avenue de la Paquelais;02 40 44 44 44;www.tan.fr;44700;-1,6028387472;47,2478235219
3989;Parking ouvrage Gare Sud 4;10;DEPLACEMENT;1001;Parking Ouvrage;100101;Parking;;NANTES;24 Mail Pablo Picasso;08 25 88 88 26;www.resaplace.com;44000;-1,5375450426;47,2152099261
3838;83 Station Abonnement Millerand;10;DEPLACEMENT;1003;Transport partagé;100301;Bicloo;;NANTES;9 Boulevard Alexandre Millerand;01 30 79 33 44;www.bicloo.nantesmetropole.fr;44200;-1,5301614135;47,2082178195
299;Parking ouvrage Tour Bretagne;10;DEPLACEMENT;1001;Parking Ouvrage;100103;Parking;;NANTES;4 Place de Bretagne;02 51 84 94 51;www.parkings-nantes.fr;44000;-1,5582016394;47,2177394198
3760;74 Station Accueil Place Canclaux;10;DEPLACEMENT;1003;Transport partagé;100301;Bicloo;;NANTES;8 Place Canclaux;01 30 79 33 44;www.bicloo.nantesmetropole.fr;44100;-1,5750060819;47,2143716843
3721;36 Station Accueil Alger;10;DEPLACEMENT;1003;Transport partagé;100301;Bicloo;;NANTES;5 Rue d'Alger;01 30 79 33 44;www.bicloo.nantesmetropole.fr;44100;-1,5666743137;47,2107052386
3714;29 Station Accueil Duguay Trouin;10;DEPLACEMENT;1003;Transport partagé;100301;Bicloo;;NANTES;7 Allée Duguay Trouin;01 30 79 33 44;www.bicloo.nantesmetropole.fr;44000;-1,5552885084;47,2134615788
3759;73 Station Accueil Sarradin;10;DEPLACEMENT;1003;Transport partagé;100301;Bicloo;;NANTES;4 Place Emile Sarradin;01 30 79 33 44;www.bicloo.nantesmetropole.fr;44000;-1,5705071779;47,2208837667
3689;5 Station Accueil Brossard;10;DEPLACEMENT;1003;Transport partagé;100301;Bicloo;;NANTES;12 Allée Duquesne;01 30 79 33 44;www.bicloo.nantesmetropole.fr;44000;-1,5563270903;47,2188225831
3690;6 Station Abonnement Place du Cirque;10;DEPLACEMENT;1003;Transport partagé;100301;Bicloo;;NANTES;7 Allée Duquesne;01 30 79 33 44;www.bicloo.nantesmetropole.fr;44000;-1,5568696293;47,2176522877
3742;57 Station Abonnement Gaëtan Rondeau;10;DEPLACEMENT;1003;Transport partagé;100301;Bicloo;;NANTES;20 Rue Gaëtan Rondeau;01 30 79 33 44;www.bicloo.nantesmetropole.fr;44200;-1,5376001396;47,2054072119
3586;Parc relais tramway Beauséjour;10;DEPLACEMENT;1002;Parc Relais;100203;Parking;;NANTES;142 Route de Vannes;02 40 44 44 44;www.tan.fr;44100;-1,5873437488;47,2384135214
3762;76 Station Accueil Place René Bouhier;10;DEPLACEMENT;1003;Transport partagé;100301;Bicloo;;NANTES;8 Place René Bouhier;01 30 79 33 44;www.bicloo.nantesmetropole.fr;44100;-1,5705892867;47,209442041
4027;Station CIO;10;DEPLACEMENT;1003;Transport partagé;100302;Marguerite;;NANTES;9 Rue de Rieux;02 40 58 44 14;www.imarguerite.com;44000;-1,5444139583;47,2112993232
3834;89 Station Accueil Saint-Aignan;10;DEPLACEMENT;1003;Transport partagé;100301;Bicloo;;NANTES;65 Boulevard Saint Aignan;01 30 79 33 44;www.bicloo.nantesmetropole.fr;44100;-1,5787150966;47,2074440639
3701;17 Station Accueil Sainte Elisabeth;10;DEPLACEMENT;1003;Transport partagé;100301;Bicloo;;NANTES;3 Place Sainte Elisabeth;01 30 79 33 44;www.bicloo.nantesmetropole.fr;44000;-1,5615887684;47,2192254422
3703;19 Station Accueil Saint Similien;10;DEPLACEMENT;1003;Transport partagé;100301;Bicloo;;NANTES;1 Place Saint Similien;01 30 79 33 44;www.bicloo.nantesmetropole.fr;44000;-1,5589289096;47,2198359527
4015;Aire de covoiturage La Herdrie;10;DEPLACEMENT;1006;Aire de covoiturage;;Covoiturage;;BASSE-GOULAINE;Route du Loroux Bottereau;08 11 13 01 44;www.covoiturage-nantesmetropole.fr;44115;-1,4548777248;47,1981631732
2520;Gare SNCF de Vertou;10;DEPLACEMENT;1004;Transport en commun;100403;Gare;;VERTOU;Impasse de la Gare;36 35;www.gares-connexions.com;44120;-1,4780319486;47,1861434795
3201;Parc relais TER Gare de Vertou Nord;10;DEPLACEMENT;1002;Parc Relais;100203;Parking;;VERTOU;Impasse de la Gare;02 40 44 44 44;www.tan.fr;44120;-1,4791618546;47,1864023764
3744;59 Station Accueil Stade Saupin;10;DEPLACEMENT;1003;Transport partagé;100301;Bicloo;;NANTES;35 Quai Malakoff;01 30 79 33 44;www.bicloo.nantesmetropole.fr;44000;-1,5396395813;47,213978001
3765;79 Station Accueil Malakoff;10;DEPLACEMENT;1003;Transport partagé;100301;Bicloo;;NANTES;13 Quai Malakoff;01 30 79 33 44;www.bicloo.nantesmetropole.fr;44000;-1,5364207159;47,2132345266
1583;Port Autonome de Nantes Saint Nazaire;10;DEPLACEMENT;1004;Transport en commun;100402;Port;;NANTES;18 Quai Ernest Renaud;02 40 44 20 20;www.nantes.port.fr;44100;-1,5747113547;47,2055111149
3707;23 Station Accueil Buat;10;DEPLACEMENT;1003;Transport partagé;100301;Bicloo;;NANTES;101 Rue Général Buat;01 30 79 33 44;www.bicloo.nantesmetropole.fr;44000;-1,5424226434;47,2271569726
4004;97 Station Accueil Saint-Donatien;10;DEPLACEMENT;1003;Transport partagé;100301;Bicloo;;NANTES;69 Rue Général Buat;01 30 79 33 44;www.bicloo.nantesmetropole.fr;44000;-1,5404024174;47,2291287627
3777;Parc relais tramway Grande Ouche;10;DEPLACEMENT;1002;Parc Relais;100203;Parking;;;;02 40 44 44 44;www.tan.fr;44340;-1,5794720353;47,181994835
4067;Station Rezé Mairie;10;DEPLACEMENT;1003;Transport partagé;100302;Marguerite;;REZE;Place Saint Pierre;02 40 58 44 14;www.imarguerite.com;44400;-1,5704191107;47,1912719944
3202;Parc relais TER Gare de Vertou Sud;10;DEPLACEMENT;1002;Parc Relais;100203;Parking;;VERTOU;Rue du Bois Rigaud;02 40 44 44 44;www.tan.fr;44120;-1,47860857;47,1857498067
2533;Port de Couëron;10;DEPLACEMENT;1004;Transport en commun;100402;Port;;COUERON;Boulevard Gambetta;02 51 84 94 51;www.nge-nantes.fr;44220;-1,7299592238;47,2091256885
3549;Parc en enclos Gloriette 1;10;DEPLACEMENT;1005;Parc en Enclos;;Parking;;NANTES;Allée de l'Ile Gloriette;02 51 84 94 51;www.parkings-nantes.fr;44000;-1,5584387295;47,2111796553
3582;Parc relais navibus Trentemoult-Dépôt;10;DEPLACEMENT;1002;Parc Relais;100203;Parking;;REZE;Rue Ordronneau;02 40 44 44 44;www.tan.fr;44400;-1,5806876864;47,1919649895
3831;86 Station Accueil Hauts-Pavés;10;DEPLACEMENT;1003;Transport partagé;100301;Bicloo;;NANTES;Rue des Hauts Pavés;01 30 79 33 44;www.bicloo.nantesmetropole.fr;44000;-1,5675204718;47,2254822618
4003;93 Station Abonnement Facultés;10;DEPLACEMENT;1003;Transport partagé;100301;Bicloo;;NANTES;Boulevard Guy Mollet;01 30 79 33 44;www.bicloo.nantesmetropole.fr;44300;-1,5553383498;47,2463232883
3764;78 Station Accueil De Gaulle;10;DEPLACEMENT;1003;Transport partagé;100301;Bicloo;;NANTES;Boulevard Général de Gaulle;01 30 79 33 44;www.bicloo.nantesmetropole.fr;44200;-1,5405687333;47,2084603784
1581;Capitainerie du Port Atlantique Nantes Saint Nazaire;10;DEPLACEMENT;1004;Transport en commun;100402;Port;;NANTES;Quai Ernest Renaud;02 40 44 20 53;www.nantes.port.fr;44100;-1,5739813913;47,2054007823
4034;Station Gare Maritime;10;DEPLACEMENT;1003;Transport partagé;100302;Marguerite;;NANTES;Quai Ernest Renaud;02 40 58 44 14;www.imarguerite.com;44100;-1,5726689734;47,2065301936
3727;42 Station Abonnement Gare Maritime;10;DEPLACEMENT;1003;Transport partagé;100301;Bicloo;;NANTES;Quai Ernest Renaud;01 30 79 33 44;www.bicloo.nantesmetropole.fr;44100;-1,5726295324;47,2066090812
3709;25 Station Abonnement Dalby;10;DEPLACEMENT;1003;Transport partagé;100301;Bicloo;;NANTES;Boulevard Ernest Dalby;01 30 79 33 44;www.bicloo.nantesmetropole.fr;44000;-1,5301084574;47,2236126489
4013;Aire de covoiturage Les Ormeaux;10;DEPLACEMENT;1006;Aire de covoiturage;;Covoiturage;;BOUAYE;Esplanade de l'Edit de Nantes;08 11 13 01 44;www.covoiturage-nantesmetropole.fr;44830;-1,6824712295;47,155885784
3629;Parc relais busway Bourdonnières 1;10;DEPLACEMENT;1002;Parc Relais;100202;Parking;;NANTES;Boulevard de Vendée;02 40 44 44 44;www.tan.fr;44200;-1,5211542946;47,186255591
3655;Parc relais busway Maraîchers;10;DEPLACEMENT;1002;Parc Relais;100203;Parking;;VERTOU;Rue de la Grand' Maison;02 40 44 44 44;www.tan.fr;44120;-1,5108596556;47,1853027936
3649;Parc relais tramway Bignon;10;DEPLACEMENT;1002;Parc Relais;100203;Parking;;ORVAULT;Rue des Verts Prés;02 40 44 44 44;www.tan.fr;44700;-1,5982002252;47,2489752466
3189;Parc relais tramway Le Cardo;10;DEPLACEMENT;1002;Parc Relais;100201;Parking;;ORVAULT;Esplanade du Cardo;02 40 44 44 44;www.tan.fr;44700;-1,5845119808;47,2625020936
4051;Gare Routière Cardo Lila;10;DEPLACEMENT;1004;Transport en commun;100404;Gare routière;;ORVAULT;Esplanade du Cardo;08 25 08 71 56;www.loire-atlantique.fr/lila;44700;-1,584155102;47,2617996204
3776;Parc relais tramway Marcel Paul;10;DEPLACEMENT;1002;Parc Relais;100202;Parking;;ST-HERBLAIN;Boulevard Marcel Paul;02 40 44 44 44;www.tan.fr;44800;-1,6180083496;47,2459045698
2374;Bacs de Loire entre Basse-Indre et Indret;10;DEPLACEMENT;1004;Transport en commun;100402;Port;;INDRE;Quai Besnard;02 40 86 01 29;www.loire-atlantique.fr;44610;-1,6739184705;47,1977692573
4010;Aire de covoiturage Piano'cktail;10;DEPLACEMENT;1006;Aire de covoiturage;;Covoiturage;;BOUGUENAIS;Rue Ginsheim Gustavsburg;08 11 13 01 44;www.covoiturage-nantesmetropole.fr;44340;-1,6053927171;47,1743921106
3589;Parc en enclos Gare Sud 2;10;DEPLACEMENT;1005;Parc en Enclos;;Parking;;NANTES;Quai Malakoff;08 25 88 88 26;www.resaplace.com;44000;-1,5413433758;47,2142340366
3590;Parc en enclos Gare Sud 2 limité 1h;10;DEPLACEMENT;1005;Parc en Enclos;;Parking;;NANTES;Quai Malakoff;08 25 88 88 26;www.resaplace.com;44000;-1,5426751388;47,2152021233
4029;Station Gare SNCF Sud;10;DEPLACEMENT;1003;Transport partagé;100302;Marguerite;;NANTES;Quai Malakoff;02 40 58 44 14;www.imarguerite.com;44000;-1,5419376851;47,2149763718
3746;61 Station Accueil LU Lieu Unique;10;DEPLACEMENT;1003;Transport partagé;100301;Bicloo;;NANTES;Quai Malakoff;01 30 79 33 44;www.bicloo.nantesmetropole.fr;44000;-1,5459242112;47,215602785
3716;31 Station Accueil Bourse;10;DEPLACEMENT;1003;Transport partagé;100301;Bicloo;;NANTES;Allée de la Bourse;01 30 79 33 44;www.bicloo.nantesmetropole.fr;44000;-1,5591052776;47,2120943808
4002;94 Station Abonnement Petit Port;10;DEPLACEMENT;1003;Transport partagé;100301;Bicloo;;NANTES;Place du Huit Mai 1945;01 30 79 33 44;www.bicloo.nantesmetropole.fr;44300;-1,5563809864;47,2432626441
288;Parking ouvrage Graslin;10;DEPLACEMENT;1001;Parking Ouvrage;100102;Parking;;NANTES;Rue Scribe;02 51 84 94 51;www.parkings-nantes.fr;44000;-1,5625718162;47,2143102105
3730;45 Station Accueil Prairie au Duc;10;DEPLACEMENT;1003;Transport partagé;100301;Bicloo;;NANTES;Boulevard de la Prairie au Duc;01 30 79 33 44;www.bicloo.nantesmetropole.fr;44200;-1,5588828402;47,2047848192
3227;Parc relais tramway Plaisance;10;DEPLACEMENT;1002;Parc Relais;100203;Parking;;ST-HERBLAIN;Route de Vannes;02 40 44 44 44;www.tan.fr;44800;-1,593440524;47,240532662
4050;Gare Routière Beauséjour Lila;10;DEPLACEMENT;1004;Transport en commun;100404;Gare routière;;ST-HERBLAIN;Route de Vannes;08 25 08 71 56;www.loire-atlantique.fr/lila;44100;-1,5868606072;47,2380795016
4083;Aire de covoiturage de la Métaierie Rouge;10;DEPLACEMENT;1006;Aire de covoiturage;;Covoiturage;;LA-CHAPELLE-SUR-ERDRE;VC 5;08 11 13 01 44;www.covoiturage-nantesmetropole.fr;44240;-1,5463839705;47,2744422259
3552;Parc relais TER Gare des Pas Enchantés;10;DEPLACEMENT;1002;Parc Relais;100203;Parking;;ST-SEBASTIEN;Rue de la Loire;02 40 44 44 44;www.tan.fr;44230;-1,5129964431;47,2082290546
3839;84 Station Accueil Région;10;DEPLACEMENT;1003;Transport partagé;100301;Bicloo;;NANTES;Place Gaston Defferre;01 30 79 33 44;www.bicloo.nantesmetropole.fr;44200;-1,5259512755;47,2107532372
3190;Parc relais tramway François Mitterrand;10;DEPLACEMENT;1002;Parc Relais;100201;Parking;;ST-HERBLAIN;Rue Virginia Woolf;02 40 44 44 44;www.tan.fr;44800;-1,6394841431;47,2217062009
3993;92 Station Abonnement Rond Point Rennes;10;DEPLACEMENT;1003;Transport partagé;100301;Bicloo;;NANTES;Rond-Point de Rennes;01 30 79 33 44;www.bicloo.nantesmetropole.fr;44000;-1,5660169808;47,2330917038
3627;Parc relais busway Porte de Vertou;10;DEPLACEMENT;1002;Parc Relais;100202;Parking;;VERTOU;Boulevard Auguste Priou;02 40 44 44 44;www.tan.fr;44120;-1,5051601776;47,180175296
1805;Gare SNCF de Basse Indre St-Herblain;10;DEPLACEMENT;1004;Transport en commun;100403;Gare;;ST-HERBLAIN;Rue de la Gare;36 35;www.gares-connexions.com;44800;-1,6603128413;47,204083239
3561;Parc relais TER Gare de Basse-Indre Saint-Herblain;10;DEPLACEMENT;1002;Parc Relais;100203;Parking;;ST-HERBLAIN;Rue de la Gare;02 40 44 44 44;www.tan.fr;44800;-1,6610380965;47,2041579741
3761;75 Station Accueil Lamoricière;10;DEPLACEMENT;1003;Transport partagé;100301;Bicloo;;NANTES;Rue Lamoricière;01 30 79 33 44;www.bicloo.nantesmetropole.fr;44100;-1,5713989984;47,2123656144
3715;30 Station Abonnement Commerce;10;DEPLACEMENT;1003;Transport partagé;100301;Bicloo;;NANTES;Allée Brancas;01 30 79 33 44;www.bicloo.nantesmetropole.fr;44000;-1,5573807226;47,2131450294
1044;Parking ouvrage Cité des Congrès;10;DEPLACEMENT;1001;Parking Ouvrage;100101;Parking;;NANTES;Avenue Jean Claude Bonduelle;02 51 84 94 51;www.parkings-nantes.fr;44000;-1,5439712772;47,2129016709
4025;Station Graslin;10;DEPLACEMENT;1003;Transport partagé;100302;Marguerite;;NANTES;Place Graslin;02 40 58 44 14;www.imarguerite.com;44000;-1,5626251163;47,2131022086
4000;96 Station Abonnement Tortière;10;DEPLACEMENT;1003;Transport partagé;100301;Bicloo;;NANTES;Boulevard Eugène Orieux;01 30 79 33 44;www.bicloo.nantesmetropole.fr;44000;-1,5494734374;47,2353448002
4017;Aire de covoiturage Les 3 Brasseurs;10;DEPLACEMENT;1006;Aire de covoiturage;;Covoiturage;;ST-SEBASTIEN;Rue Marie Curie;08 11 13 01 44;www.covoiturage-nantesmetropole.fr;44230;-1,4894498293;47,190931196
3995;90 Station Abonnement Procé;10;DEPLACEMENT;1003;Transport partagé;100301;Bicloo;;NANTES;Boulevard Gaston Serpette;01 30 79 33 44;www.bicloo.nantesmetropole.fr;44000;-1,5765835666;47,2243215862
4022;Station Hôtel de Ville;10;DEPLACEMENT;1003;Transport partagé;100302;Marguerite;;NANTES;Rue Fanny Peccot;02 40 58 44 14;www.imarguerite.com;44000;-1,5540738336;47,2176490515
3700;16 Station Accueil Place Edouard Normand;10;DEPLACEMENT;1003;Transport partagé;100301;Bicloo;;NANTES;Place Edouard Normand;01 30 79 33 44;www.bicloo.nantesmetropole.fr;44000;-1,5634947334;47,2190280325
4012;Aire de covoiturage Le Vélodrôme;10;DEPLACEMENT;1006;Aire de covoiturage;;Covoiturage;;COUERON;Boulevard Francois Blancho;08 11 13 01 44;www.covoiturage-nantesmetropole.fr;44220;-1,7355358715;47,2114911475
2452;Gare SNCF de Couëron;10;DEPLACEMENT;1004;Transport en commun;100403;Gare;;COUERON;Rue de la Gare;36 35;www.gares-connexions.com;44220;-1,7235993999;47,2219441875
3556;Parc relais TER Gare de Couëron;10;DEPLACEMENT;1002;Parc Relais;100203;Parking;;COUERON;Rue de la Gare;02 40 44 44 44;www.tan.fr;44220;-1,7236375016;47,2217771934
2517;Gare SNCF de Rezé Pont-Rousseau;10;DEPLACEMENT;1004;Transport en commun;100403;Gare;;REZE;Rue de la Gare;36 35;www.gares-connexions.com;44400;-1,5493921054;47,1933315955
3996;102 Station Abonnement Gare Pont Rousseau;10;DEPLACEMENT;1003;Transport partagé;100301;Bicloo;;REZE;Rue de la Gare;01 30 79 33 44;www.bicloo.nantesmetropole.fr;44400;-1,5490054545;47,1931492767
3560;Parc relais navibus Trentemoult-Roquios;10;DEPLACEMENT;1002;Parc Relais;100203;Parking;;REZE;Quai Surcouf;02 40 44 44 44;www.tan.fr;44400;-1,5777839321;47,1952525113
3698;14 Station Accueil Saint-Félix;10;DEPLACEMENT;1003;Transport partagé;100301;Bicloo;;NANTES;Boulevard Amiral Courbet;01 30 79 33 44;www.bicloo.nantesmetropole.fr;44000;-1,5562341162;47,2306076047
4073;Parc en enclos Gloriette 2;10;DEPLACEMENT;1005;Parc en Enclos;;Parking;;NANTES;Rue Albert de Mun;02 51 84 94 51;www.parkings-nantes.fr;44000;-1,5602843688;47,2102736871
3630;Parc relais busway Chapeau Verni;10;DEPLACEMENT;1002;Parc Relais;100202;Parking;;VERTOU;Route de Clisson;02 40 44 44 44;www.tan.fr;44230;-1,5112988918;47,1895300763
2375;Gare SNCF de Bouaye;10;DEPLACEMENT;1004;Transport en commun;100403;Gare;;BOUAYE;Allée Louis Armand;36 35;www.gares-connexions.com;44830;-1,6810752698;47,1381446874
3566;Parc relais TER Gare de Bouaye;10;DEPLACEMENT;1002;Parc Relais;100203;Parking;;BOUAYE;Allée Louis Armand;02 40 44 44 44;www.tan.fr;44830;-1,6820992526;47,1383397165
4084;Aire de covoiturage Norauto Atlantis;10;DEPLACEMENT;1006;Aire de covoiturage;;Covoiturage;;ST-HERBLAIN;Rue Océane;08 11 13 01 44;www.covoiturage-nantesmetropole.fr;44800;-1,6262464111;47,2257239249
3998;99 Station Accueil Saint-Jacques;10;DEPLACEMENT;1003;Transport partagé;100301;Bicloo;;NANTES;85 Rue Saint Jacques;01 30 79 33 44;www.bicloo.nantesmetropole.fr;44200;-1,5365896289;47,1958591606
3755;69 Station Accueil Manufacture;10;DEPLACEMENT;1003;Transport partagé;100301;Bicloo;;NANTES;11 Boulevard de Stalingrad;01 30 79 33 44;www.bicloo.nantesmetropole.fr;44000;-1,5358653502;47,2192276993
3740;55 Station Accueil Magellan;10;DEPLACEMENT;1003;Transport partagé;100301;Bicloo;;NANTES;11 Rue de Belfort;01 30 79 33 44;www.bicloo.nantesmetropole.fr;44000;-1,5442482634;47,2106839755
3719;34 Station Abonnement Médiathèque;10;DEPLACEMENT;1003;Transport partagé;100301;Bicloo;;NANTES;24 Quai de la Fosse;01 30 79 33 44;www.bicloo.nantesmetropole.fr;44000;-1,561841845;47,2109126549
3741;56 Station Accueil Vincent Gache;10;DEPLACEMENT;1003;Transport partagé;100301;Bicloo;;NANTES;9 Rue François Albert;01 30 79 33 44;www.bicloo.nantesmetropole.fr;44200;-1,5418509673;47,2068847352
3696;12 Station Abonnement et Bonus Place Delorme;10;DEPLACEMENT;1003;Transport partagé;100301;Bicloo;;NANTES;2 Boulevard Gabriel Guist'Hau;01 30 79 33 44;www.bicloo.nantesmetropole.fr;44000;-1,5639635668;47,2151581344
3710;27 Station Accueil Guist'hau Nord;10;DEPLACEMENT;1003;Transport partagé;100301;Bicloo;;NANTES;44 Boulevard Gabriel Guist'Hau;01 30 79 33 44;www.bicloo.nantesmetropole.fr;44000;-1,5692672062;47,2179401852
3711;26 Station Abonnement et Bonus Guist'hau Sud;10;DEPLACEMENT;1003;Transport partagé;100301;Bicloo;;NANTES;26T Boulevard Gabriel Guist'Hau;01 30 79 33 44;www.bicloo.nantesmetropole.fr;44000;-1,5670233573;47,2168394453
3685;1 Station Abonnement Préfecture;10;DEPLACEMENT;1003;Transport partagé;100301;Bicloo;;NANTES;5 Quai Ceineray;01 30 79 33 44;www.bicloo.nantesmetropole.fr;44000;-1,5541760486;47,220195067
3747;62 Station Abonnement Gare Nord;10;DEPLACEMENT;1003;Transport partagé;100301;Bicloo;;NANTES;1 Place Charles le Roux;01 30 79 33 44;www.bicloo.nantesmetropole.fr;44000;-1,5422409684;47,2181414046
3728;43 Station Abonnement Machines de l'Ile;10;DEPLACEMENT;1003;Transport partagé;100301;Bicloo;;NANTES;2 Boulevard Léon Bureau;01 30 79 33 44;www.bicloo.nantesmetropole.fr;44200;-1,5648258062;47,2069302605
3833;88 Station Accueil Mellinet;10;DEPLACEMENT;1003;Transport partagé;100301;Bicloo;;NANTES;1 Boulevard Allard;01 30 79 33 44;www.bicloo.nantesmetropole.fr;44100;-1,5771267654;47,2114896221
3757;71 Station Abonnement et Bonus Marché Talensac Nord;10;DEPLACEMENT;1003;Transport partagé;100301;Bicloo;;NANTES;17 Rue de Bel Air;01 30 79 33 44;www.bicloo.nantesmetropole.fr;44000;-1,5590693429;47,221910342
3724;39 Station Accueil Quai Moncousu;10;DEPLACEMENT;1003;Transport partagé;100301;Bicloo;;NANTES;10 Quai Moncousu;01 30 79 33 44;www.bicloo.nantesmetropole.fr;44000;-1,5552484143;47,2093654561
3725;40 Station Accueil Madeleine;10;DEPLACEMENT;1003;Transport partagé;100301;Bicloo;;NANTES;2 Quai Moncousu;01 30 79 33 44;www.bicloo.nantesmetropole.fr;44000;-1,5504304749;47,2088158747
284;Parking ouvrage Decré-Bouffay;10;DEPLACEMENT;1001;Parking Ouvrage;100103;Parking;;NANTES;18 Rue du Moulin;02 51 84 94 51;www.parkings-nantes.fr;44000;-1,5540046323;47,21666262
3688;4 Station Accueil Moulin;10;DEPLACEMENT;1003;Transport partagé;100301;Bicloo;;NANTES;18 Rue du Moulin;01 30 79 33 44;www.bicloo.nantesmetropole.fr;44000;-1,5544258471;47,2166468712
