1;BENUREAU;Le Grand Plessis;;44980;SAINTE-LUCE-SUR-LOIRE;;02 40 25 95 25;;;restaurant-benureau.com;;;;;;;;;;2 toques;;;;;;;;;Nantes et environs;;;[ 47.246705 , -1.468539]
2;LA CLOSERIE DES ROSES;455 la Haute Meillerais;;44370;VARADES;;02 40 98 33 30;;;contact@lacloseriedesroses.com;http://www.lacloseriedesroses.com;;;;;oui;oui;;;;;;;;;;;;Ancenis et les coteaux de la Loire;;;[ 47.40962921 , -0.96211472]
3;DE LA LOIRE;Le Jarier d'Ancenis - D723;;44150;ANCENIS;;02 40 96 00 03;;;contact@hotel-loire.net;www.hotel-loire.net;;;;;;;;;;;;;;;;;;Ancenis et les coteaux de la Loire;;;[ 47.377862 , -1.141239]
4;LA P'TITE AUBERGE;RN23;Bel Air;44150;SAINT-HERBLON;;;;;;;;;;;oui;;;;;;;;;;;;;Ancenis et les coteaux de la Loire;;;[ 47.3733068 , -1.1587433]
5;LES TERRASSES DE BEL AIR;Lieu dit Bel Air;RD 723;44150;ANCENIS;;02 40 83 02 87;;;terrassebelair.jpg@wanadoo.fr;terrassebelair.free.fr;;;;;oui;oui;;;1 toque;;;;;oui;oui;;;Ancenis et les coteaux de la Loire;Menu adulte : de 15 à 50;;[ 47.3724041 , -1.1606065]
6;LA TABLE DU PÊCHEUR;11 Boulevard Léon Séché;;44150;ANCENIS;;02 40 83 11 36;;;latabledupecheur@wanadoo.fr;www.latabledupecheur.com;;;;;oui;oui;;;;;;;;;;;;Ancenis et les coteaux de la Loire;Menu adulte : de 15 à 28;;[ 47.3668448 , -1.173973]
7;LA TOILE À BEURRE;82 rue St Pierre;;44150;ANCENIS;;02 40 98 89 64;;;latoileabeurre@wanadoo.fr;;;;;;oui;;;;2 toques;;;;;;;;;Ancenis et les coteaux de la Loire;Menu adulte : de 18,5 à 55;;[ 47.3664283 , -1.1755261]
8;LE BISTRO D'ANCENIS;Bd Docteur Moutel;Les Arcades;44150;ANCENIS;;02 40 83 07 88;;;rest.arcades@wanadoo.fr;www.bistro-ancenis.com;;;;;oui;oui;;;;;;;;;;;;Ancenis et les coteaux de la Loire;Menu adulte : de 12,7 à 18;;[ 47.3661499 , -1.1759927]
9;LE 7 DE TABLE;580 rue de l'Industrie ;;44522;MESANGER;;02 51 14 04 14;;;le7detable@orange.fr;http://www.7detable.fr;;;;;;;;;;;;;;;;;;Ancenis et les coteaux de la Loire;;;[ 47.4155899 , -1.1911219]
10;LE PRIEURE DES GOURMANDS;11, rue du Prieuré;;44540;BONNOEUVRE;;02 40 56 30 00;;;le.prieure44@orange.fr;;;;;;;;;;;;;;;;;;;Ancenis et les coteaux de la Loire;;;[ 47.527713 , -1.237004]
11;Au fil des saisons;20 Place Charles de Gaulle;;44330;VALLET;;02 40 36 30 05;;;;www.aufildsaisons.com;;;;;;;;;;;;;;;;;;Clisson et le Vignoble nantais;;;[ 47.160816 , -1.265954]
12;LE DON QUICHOTTE;35, route de Clisson;;44330;VALLET;;02 40 33 99 67;;;;;;;;;;;;;1 toque;;;;;;;;;Clisson et le Vignoble nantais;Menu adulte : de 15,24 à 38;;[ 47.158622 , -1.271169]
13;Auberge de la Comtière;La Comtière;;44330;VALLET;;02 40 33 65 59 ;;;;;;;;;;;;;;;;;;;;;;Clisson et le Vignoble nantais;;;[ 47.184041 , -1.285591]
14;DE LA GARE;23 Rue Ferdinand Albert;;44190;CLISSON;;02 40 36 16 55;;;petit-sa@wanadoo.fr;;;;;;;;;;;;;;;;;;;Clisson et le Vignoble nantais;;;[ 47.086415 , -1.285899]
15;Villa Saint-Germain;170 rue Alphonse Fouschard;;44521;OUDON;;02 51 14 10 04 ;;;;;;;;;;;;;;;;;;;;;;Ancenis et les coteaux de la Loire;;;[ 47.345741 , -1.287906]
16;AUBERGE DU TIRE BOUCHON;34 rue de la Vallée du Havre;;44521;COUFFE;;02 40 96 54 39;;;tire-bouchon@laposte.net;www.aubergedutirebouchon.com;;;;;oui;;oui;;;;;;;;;;;Ancenis et les coteaux de la Loire;;;[ 47.389697 , -1.295797]
17;LA BONNE AUBERGE;1 rue Olivier de Clisson;;44190;CLISSON;;02 40 54 01 90;;;labonneauberge2@wanadoo.fr;;;;;;;;oui;;;;;;;;;;;Clisson et le Vignoble nantais;;;[ 47.09976626 , -1.29714771]
18;La Gétignière;3 rue de la Navette;;44190;GETIGNE;;02 40 36 05 37;;;;www.lagetigniere.com;;;;;;;;;;;;;;;;;;Clisson et le Vignoble nantais;;;[ 47.09976626 , -1.29714771]
19;LE FORMIDABLE;177 levée de la Divate;;44450;LA CHAPELLE-BASSE-MER;;02 40 80 03 81;;;contact@labierepercee.com;www.labierepercee.com;;;;;;;;;;;;;;;;;;Clisson et le Vignoble nantais;;;[ 47.271643 , -1.33891]
20;L'AUBERGE NANTAISE;38 Levée de la Divatte;Bout des Ponts;44450;SAINT-JULIEN-DE-CONCELLES;;02 40 54 10 73;;;;;;;;;;;;;1 toque;;;;;;;;;Clisson et le Vignoble nantais;Menu adulte : de 15 à 48;;[ 47.27087886 , -1.35426606]
21;LE POËLON D'OR;30 bis, rue du 11 novembre;;44110;CHATEAUBRIANT;;02 40 81 43 33;;;lepoelondor@orange.fr;;;;;;;;oui;;2 toques;;;;;;;;;Châteaubriant et environs;Menu adulte : de 16 à 49;;[ 47.7205167 , -1.3770787]
22;HOSTELLERIE DE LA FERRIERE;Rue Winston Churchill;;44110;CHATEAUBRIANT;;02 40 28 00 28;;;hotellaferriere@orange-business.fr;www.hotellaferriere.fr;;;;;;;;;;;;;;;;;;Châteaubriant et environs;;;[ 47.701779 , -1.381743]
23;RESTAURANT JEAN DE LA QUEUE;7 impasse Tournebride;;44690;LA HAIE-FOUASSIERE;;;;;;;;;;;oui;;;;;;;;;;;;;Clisson et le Vignoble nantais;;;[ 47.179372 , -1.407782]
24;RESTAURANT CLEMENCE;91 Levée de la Divatte;;44450;SAINT-JULIEN-DE-CONCELLES;;02 40 36 03 18;;;contact@restaurantclemence.com;www.restaurantclemence.fr;;;;oui;oui;oui;;;;;;;oui;oui;oui;;;Clisson et le Vignoble nantais;Menu adulte : de 15 à 85;;[ 47.2669725 , -1.4117822]
25;MANOIR DE LA BOULAIE;33 rue de la Chapelle St Martin;;44115;HAUTE-GOULAINE;;02 40 06 15 91;;;reservation@manoir-de-la-boulaie.fr;www.manoir-de-la-boulaie.fr;;;;;oui;;oui;;4 toques;;2 étoiles;;;;;;;Clisson et le Vignoble nantais;;;[ 47.1899399 , -1.4285761]
26;LA CLOSERIE;Chemin Nantais;;44470;THOUARE-SUR-LOIRE;;;;;sibolo@wanadoo.fr;www.hotel-restaurant-nantes.com;;;;;oui;;;;;;;;;;;;;Nantes et environs;;;[ 47.288067 , -1.432533]
27;AUBERGE DE LA GAILLOTIERE;La Gaillotière;;44690;CHATEAU-THEBAUD;;02 28 21 31 16;;;contact@auberge-la-gaillotiere.fr;www.auberge-la-gaillotiere.fr;;;;;;;;;1 toque;;;;;;;;;Clisson et le Vignoble nantais;Menu adulte : de 13 à 26.50;;[ 47.1311398 , -1.4332719]
28;LA DIVATE;28 levée de la Divatte;;44450;SAINT-JULIEN-DE-CONCELLES;;02 40 54 19 66;;;;;;;;;;;oui;;;;;;;;;;;Clisson et le Vignoble nantais;;;[ 47.2455626 , -1.4366337]
29;Le Bistrot Nantais;24 Levée de le Divatte;;44450;SAINT-JULIEN-DE-CONCELLES;;02 40 54 10 20 ;;;;;;;;;;;;;;;;;;;;;;Clisson et le Vignoble nantais;;;[ 47.245514 , -1.436659]
30;LA CHAUMIERE;12 rue des Ponts;;44470;THOUARE-SUR-LOIRE;;02 40 77 30 94 ;;;;;;;;;oui;;;;1 toque;;;;;;;;;Nantes et environs;;;[ 47.2650508 , -1.4395534]
31;VILLA MON REVE;Route des Bords de Loire;D751 - Levée de la Divatte;44115;BASSE-GOULAINE;;02 40 03 55 50;;;contact@villa-mon-reve.com;www.villa-mon-reve.com;;;;oui;oui;;;;2 toques;;;;;;;;;Nantes et environs;Menu adulte : de 23 à 87;;[ 47.2331882 , -1.4630353]
32;LA HAUTE FORET;53 Boulevard de l'Europe;;44120;VERTOU;;;;;lahauteforet@wanadoo.fr;www.la-haute-foret.com;;;;;;;;;;;;;;;;;;Nantes et environs;;;[ 47.170009 , -1.467114]
33;Manoir du Petit Plessis;Le Petit Plessis;;44980;SAINTE-LUCE-SUR-LOIRE;;02 40 08 99 85;;;;www.lepetitplessis.fr;;;;;;;;;;;;;;;;;;Nantes et environs;;;[ 47.246908 , -1.469317]
34;RESTAURANT DU PONT;147 rue du grignon;;44115;BASSE-GOULAINE;;02 40 03 58 62;;;;www.restaurant-du-pont.fr;;;;;oui;;;;2 toques;;;;;;;;;Nantes et environs;Menu adulte : de 17 à 44;;[ 47.2153934 , -1.4749447]
35;MONTE CRISTO;11 quai de la Chaussée des Moines;;44120;VERTOU;;02 40 34 40 36;;;contact@monte-cristo.fr;www.monte-cristo.fr;;;;oui;oui;;;;1 toque;;;;;;;;;Nantes et environs;;;[ 47.1686207 , -1.4809551]
36;LE LAURIER FLEURI;460 route de Clisson;;44120;VERTOU;;;;;lelaurierfleuri@orange.fr;www.lelaurierfleuri.fr;;;;;;;;;;;;;;;;;;Nantes et environs;;;[ 47.18723 , -1.482801]
37;LE PELICAN;13, Place Georges Gaudet;;44140;GENESTON;;02 40 04 77 88;;;;;;;;;;oui;;;2 toques;;;;;;;;;Pays de Grandlieu, Machecoul et Logne;;;[ 47.0554239 , -1.5122468]
38;LE CLOS ST-THOMAS;102, rue de la Mairie;;44240;SUCE-SUR-ERDRE;;02 40 77 71 34;;;yvonnick.briand@wanadoo.fr;www.restaurant-clos-st-thomas.com;;;;oui;;;;;;;;;;;;;;Canal de Nantes à Brest et Pays de Redon;;;[ 47.3396302 , -1.5261822]
39;MANOIR DE LA REGATE (LE);155, Route de Gachet;;44300;NANTES;;02 40 18 02 97;;;info@manoir-regate.com;http://www.manoir-regate.com;;;;;oui;oui;;;2 toques;;;;;;;;;Nantes et environs;;;[ 47.293755 , -1.527529]
40;Amandine Restaurant;45 Boulevard des Batignolles;;44300;NANTES;;02 40 50 07 07;;;amandine@brithotel.fr;http://www.brithotel.fr;;;;;;oui;;;;;;;;;;;;Nantes et environs;;;[ 47.254493 , -1.5282982]
41;B.A. Ba Restaurant;16 Boulevard Georges Pompidou;;44200;NANTES;;02 28 44 38 04 ;;;;;;;;;;;;;;;;;;;;;;Nantes et environs;;;[ 47.208953 , -1.528629]
42;BEAUJOIRE HOTEL Rest. LE JARDIN;15 Rue des Pays de la Loire;;44300;NANTES;;;;;beaujoire-hotel@wanadoo.fr;www.beaujoire.com;;;;;;;;;;;;;;;;;;Nantes et environs;;;[ 47.257457 , -1.529558]
43;AUBERGE DU VIEUX GACHET;Le vieux gachet;;44470;CARQUEFOU;;;;;;;;;;;;;;;1 toque;;;;;;;;;Nantes et environs;;;[ 47.2960463 , -1.5297102]
44;RIVE GAUCHE (LE);10, Côte Saint-Sébastien;;44200;NANTES;;02 40 34 38 52;;;rive.gauche@wanadoo.fr;http://www.lerivegauche-restaurant.com/;;;;oui;oui;;;;;;;;oui;oui;oui;oui;;Nantes et environs;Menu adulte : de 22 à 68;;[ 47.2012635 , -1.5314653]
45;ABELIA (L');125 boulevard des poilus;;44300;NANTES;;02 40 35 40 40;;;restaurant.abelia@neuf.fr;http://http//labelia.cartesurtables.com;;;;;oui;oui;;;2 toques;;;;;;;;;Nantes et environs;Menu adulte : de 26 à 50;;[ 47.2322643 , -1.5316317]
46;COU DE LA GIRAFE (LE);84, Rue du Général Buat;;44000;NANTES;;02 51 81 98 26;;;;;;;;;;;;;;;;;;;;;;Nantes et environs;Menu adulte : de 13,5 à 17,8;;[ 47.2303663 , -1.5394132]
47;BRASSERIE FELIX;1, Rue rue Lefèvre-Utile;;44000;NANTES;;02 40 34 15 93;;;contact@brasseriefelix.com;www.brasseriefelix.com;;;;;;;;;1 toque;;;;;;;;;Nantes et environs;Menu adulte : de 16 à 45;;[ 47.2143292 , -1.5441412]
48;La Tavola;18 rue de Richebourg;;44000;NANTES;;02 40 74 11 61 ;;;;;;;;;;;;;;;;;;;;;;Nantes et environs;;;[ 47.217741 , -1.54545]
49;MAISON BARON-LEFEVRE;33, Rue de Rieux;;44000;NANTES;;02 40 89 20 20;;;baron-lefevre@wanadoo.fr;;;;;;oui;;;;2 toques;;;;;;;;;Nantes et environs;Menu adulte : de 15 à 25;;[ 47.2104248 , -1.545918]
50;SQUARE (LE);14 rue de Jemmapes;;44000;NANTES;;02 40 35 98 09;;;;www.squarenantes.com;;;;;;;;;;;;;;;;;;Nantes et environs;;;[ 47.2127534 , -1.5462059]
51;Le Vanola;34 rue de Richebourg;;44000;NANTES;;02 40 74 13 88 ;;;;;;;;;;;;;;;;;;;;;;Nantes et environs;;;[ 47.217379 , -1.546288]
52;A ma table;11 rue Fouré;;44000;NANTES;;02 40 47 01 18;;;;www.amatable-restaurant.com;;;;;;;;;;;;;;;;;;Nantes et environs;;;[ 47.213296 , -1.546345]
53;Plan B;29 rue Fouré;;44000;NANTES;;02 85 37 15 02;;;;www.planbnantes.com;;;;;;;;;;;;;;;;;;Nantes et environs;;;[ 47.211742 , -1.5467]
54;LA TAVERNE DU CHÂTEAU;23 allée du Commandant Charcot;;44000;NANTES;;02 40 74 87 37;;;;www.lataverne.com/restaurant.php;;;;;oui;;;;;;;;;;;;;Nantes et environs;;;[ 47.2166963 , -1.5467448]
55;GRESSIN (LE);40 bis, Rue Fouré;;44000;NANTES;;02 40 48 26 24;;;;;;;;;;;;;;;;;;;;;;Nantes et environs;Menu adulte : de 14,5 à 27;;[ 47.2115021 , -1.5469734]
56;La Raffinerie;54 rue Fouré;;44000;NANTES;;02 40 74 81 05;;;;www.restaurantlaraffinerie.fr;;;;;;;;;;;;;;;;;;Nantes et environs;;;[ 47.210388 , -1.547246]
57;Aux délices bretons;45, Rue du Maréchal Joffre;;44000;NANTES;;02 28 24 00 25 ;;;;;;;;;;;;;;;;;;;;;;Nantes et environs;;;[ 47.221319 , -1.547759]
58;CHANTS D'AVRIL (LES);2, Rue Laënnec;;44000;NANTES;;02 40 89 34 76;;;;;;;;;;;;;1 toque;;;;;;;;;Nantes et environs;Menu adulte : de 18,5 à 22;;[ 47.2124928 , -1.5480567]
59;Le Bistroquet;87 rue du Maréchal Joffre;;44000;NANTES;;02 40 74 09 44;;;;www.bistroquet.fr;;;;;;;;;;;;;;;;;;Nantes et environs;;;[ 47.220213 , -1.548983]
60;L’Atelier d’Alain;24 rue des olivettes;;44000;NANTES;;02 40 84 38 66;;;;www.atelieralain.fr;;;;;;;;;;;;;;;;;;Nantes et environs;;;[ 47.21057 , -1.549229]
61;Le P’tit qu’a fait;11 rue des Olivettes;;44000;NANTES;;09 52 67 31 26;;;;www.leptitquafait.fr;;;;;;;;;;;;;;;;;;Nantes et environs;;;[ 47.212048 , -1.549983]
62;Rêves marins...;2 rue du Roi Albert;;44000;NANTES;;02 40 47 00 96 ;;;;;;;;;;;;;;;;;;;;;;Nantes et environs;;;[ 47.218707 , -1.551038]
63;PATIO'NNEMENT;8 due de l'Emery;;44000;NANTES;;02 51 82 41 16;;;lepationnement@free.fr;www.lepationnement.fr/;;;;;oui;;;;;;;;;;;;;Nantes et environs;;;[ 47.2158088 , -1.5520352]
64;Bistrot l’Alchimiste;7 rue Saint-Denis;;44000;NANTES;;02 40 20 46 20;;;;www.centre-de-degustation.com;;;;;;;;;;;;;;;;;;Nantes et environs;;;[ 47.217919 , -1.552043]
65;Resto-revues;2 rue du Refuge;;44000;NANTES;;02 40 47 42 91 ;;;;;;;;;;;;;;;;;;;;;;Nantes et environs;;;[ 47.218743 , -1.552198]
66;Le P’tite Ardoise;13 boulevard Babin Chevaye;;44000;NANTES;;02 40 69 66 20 ;;;;;;;;;;;;;;;;;;;;;;Nantes et environs;;;[ 47.205513 , -1.552259]
67;La Mangeoire;16, rue des petites écuries;;44000;NANTES;;;;;;;;;;;;;;;;;;;;;;;;Nantes et environs;;;[ 47.215333 , -1.552365]
68;Le Gribiche;3 rue de la Tour d’Auvergne;;44000;NANTES;;02 40 47 95 59;;;;www.legribiche.fr;;;;;;;;;;;;;;;;;;Nantes et environs;;;[ 47.206677 , -1.552679]
69;POISSONNERIE (LA);4, Rue Léon Maitre;;44000;NANTES;;02 40 47 79 50;;;;www.lapoissonnerie.fr;;;;;;;;;1 toque;;;;;;;;;Nantes et environs;Menu adulte : de 14,7 à 43;;[ 47.2138998 , -1.5531203]
70;Les Petits Saints;1 place Saint-Vincent;;44000;NANTES;;02 40 20 24 48;;;;www.lespetitssaints.com;;;;;;;;;;;;;;;;;;Nantes et environs;;;[ 47.217429 , -1.553274]
71;La Vache Nantaise;11 rue Bon secours;;44000;NANTES;;02 40 89 59 69 ;;;;;;;;;;;;;;;;;;;;;;Nantes et environs;;;[ 47.213613 , -1.553494]
72;Le Lait de Mai;22 quai de Versailles;;44000;NANTES;;02 40 35 65 97 ;;;;;;;;;;;;;;;;;;;;;;Nantes et environs;;;[ 47.224006 , -1.553687]
73;Café Grimault;25 rue Adolphe Moitié;;44000;NANTES;;09 81 61 39 26 ;;;;;;;;;;;;;;;;;;;;;;Nantes et environs;;;[ 47.22343 , -1.553911]
74;Les Enfants Terribles;4 rue Fénelon;;44000;NANTES;;02 40 47 00 38 ;;;;;;;;;;;;;;;;;;;;;;Nantes et environs;;;[ 47.217121 , -1.554261]
75;Le Bistrot de l’Ile;17 rue de la Tour d’Auvergne;;44200;NANTES;;02 40 47 92 35;;;;www.le-bistrot-de-l-ile.blogspot.com;;;;;;;;;;;;;;;;;;Nantes et environs;;;[ 47.206503 , -1.554539]
76;ENTRE AMIS;4 rue des Trois Croissants;;44000;NANTES;;02 40 20 33 86;;;;;;;;;;;;;1 toque;;;;;;;;;Nantes et environs;Menu adulte : de 13 à 24,5;;[ 47.2168328 , -1.5548495]
77;Le Nouveau Monde;4 cours Olivier de Clisson;;44000;NANTES;;02 40 48 03 04;;;;www.restaurant-lenouveaumonde.com;;;;;;;;;;;;;;;;;;Nantes et environs;;;[ 47.213275 , -1.554858]
78;Chez Lizette;1 rue Louis Blanc;;44200;NANTES;;02 40 47 04 44 ;;;;;;;;;;;;;;;;;;;;;;Nantes et environs;;;[ 47.207196 , -1.554922]
79;OCEANIDE (L');2, Rue Paul Bellamy;;44000;NANTES;;02 40 20 32 28;;;;www.oceanide.fr;;;;;;;;;1 toque;;;;;;;;;Nantes et environs;Menu adulte : de 21 à 65;;[ 47.2207063 , -1.5549582]
80;Tontonpic;5 rue Chateaubriand;;44000;NANTES;;02 40 74 09 27;;;;www.tontonpic.fr;;;;;;;;;;;;;;;;;;Nantes et environs;;;[ 47.221471 , -1.5551]
81;À l’Ardoise;11 rue Léon Blum;;44000;NANTES;;02 40 47 54 51 ;;;;;;;;;;;;;;;;;;;;;;Nantes et environs;;;[ 47.219037 , -1.555212]
82;CHEMINS D'ALEXANDRE (LES);1 rue Léon Blum;;44000;NANTES;;;;;;;;;;;oui;;;;;;;;;;;;;Nantes et environs;;;[ 47.218691 , -1.555291]
83;Les Chemins d'Alexandre;1 rue Léon Blum;;44000;NANTES;;02 40 48 62 27;;;lescheminsdalexandre.fr;;;;;;;;;;;;;;;;;;;Nantes et environs;;;[ 47.218691 , -1.555291]
84;La Pasta;14 rue Saint-Léonard;;44000;NANTES;;02 40 47 33 22 ;;;;;;;;;;;;;;;;;;;;;;Nantes et environs;;;[ 47.217258 , -1.555495]
85;PRESSOIR (LE);11, Allée Turenne;;44000;NANTES;;02 40 35 31 10;;;;;;;;;;;;;1 toque;;;;;;;;;Nantes et environs;Menu adulte : de 25 à 43;;[ 47.2122483 , -1.5558267]
86;Le P’tit Bouillon;18 rue Armand Brossard;;44000;NANTES;;02 40 20 35 77;;;;www.leptitbouillon.com;;;;;;;;;;;;;;;;;;Nantes et environs;;;[ 47.217721 , -1.556221]
87;LES BOUTEILLES - LA CANTINE;;;44000;NANTES;;02 40 12 10 38;;;;;;;;;;;;;1 toque;;;;;;;;;Nantes et environs;;;[ 47.2178849 , -1.5562477]
88;EMBELLIE (L');14, Rue Armand Brossard;;44000;NANTES;;02 40 48 20 02;;;;;;;;;;;;;1 toque;;;;;;;;;Nantes et environs;Menu adulte : de 15 à 43;;[ 47.2174799 , -1.5562844]
89;Terroirs Bio;9 rue Alain Barbe Torte;;44200;NANTES;;02 51 86 25 60 ;;;;;;;;;;;;;;;;;;;;;;Nantes et environs;;;[ 47.205995 , -1.556538]
90;DUQUESNE;12 Allée Duquesne;cours des 50 otages;44000;NANTES;;02 40 47 57 24;;;hotel.duquesne@wanadoo.fr;www.hotel-duquesne-nantes.com;;;;;;;;;;;;;;;;;;Nantes et environs;;;[ 47.218666 , -1.556729]
91;Pommier-Laprugne;3 allée de l’Ile Gloriette;;44000;NANTES;;02 40 47 78 08 ;;;;;;;;;;;;;;;;;;;;;;Nantes et environs;;;[ 47.211223 , -1.556931]
92;Les Oliviers;9 allée Duquesne;;44000;NANTES;;02 40 20 21 99;;;;www.restaurantlesoliviers.com;;;;;;;;;;;;;;;;;;Nantes et environs;;;[ 47.218174 , -1.556959]
93;A la Belle Cocotte;6, rue Cacault;;44000;NANTES;;;;;;http://alabellecocotte.free.fr;;;;;;;;;;;;;;;;;;Nantes et environs;;;[ 47.216422 , -1.557869]
94;Beckett’s Canteen;3 rue Guépin;;44000;NANTES;;02 40 48 76 46 ;;;;;;;;;;;;;;;;;;;;;;Nantes et environs;;;[ 47.216146 , -1.558976]
95;Crêperie de Brocéliande;3 rue de Guérande;;44000;NANTES;;02 40 89 04 03;;;;;;;;;;;;;;;;;;;;;;Nantes et environs;;;[ 47.214068 , -1.558979]
96;CREPERIE LA TETE NOIRE;12, rue des vieilles douves;;44000;NANTES;;02 40 48 69 41;;;;www.creperie-latetenoire.fr;;;;;;;;;;;;;;;;;;Nantes et environs;Menu adulte : de 9,5 à 14;;[ 47.2151238 , -1.5589895]
97;Heb-Ken;5-7 rue de Guérande;;44000;NANTES;;02 40 48 79 03;;;;www.heb-ken.fr;;;;;;;;;;;;;;;;;;Nantes et environs;;;[ 47.214106 , -1.559129]
98;Song Saveurs & Sens ;5 rue de Santeuil;;44000;NANTES;;02 40 20 88 07;;;;www.restaurant-song.fr;;;;;;;;;;;;;;;;;;Nantes et environs;;;[ 47.21343 , -1.560381]
99;Le Bambou d'Or;8 rue Jean-Jacques-Rousseau;;44000;NANTES;;02 40 73 60 01;;;;;;;;;;;;;;;;;;;;;;Nantes et environs;;;[ 47.212576 , -1.560538]
100;1 (LE);18 quai François Mitterrand;;44200;NANTES;;02 40 08 28 00;;;;www.leun.fr;;;;;;;;;1 toque;;;;;;;;;Nantes et environs;Menu adulte : de 15,5 à 28;;[ 47.21884108 , -1.56078061]
101;La Cigale;4 Place Graslin;;44000;NANTES;;02 51 84 94 94;;;;www.lacigale.com;;;;;;;;;;;;;;;;;;Nantes et environs;;;[ 47.212689 , -1.561124]
102;BISTROT DE L'ECRIVAIN (LE);15, Rue Jean-Jacques Rousseau;;44000;NANTES;;02 51 84 15 15;;;;http://www.manoir-regate.com/bistro_ecrivain.htm;;;;;;;;;1 toque;;;;;;;;;Nantes et environs;Menu adulte : de 12,9 à 19,5;;[ 47.2128222 , -1.5613966]
103;LE BOUCHE A OREILLE;14 rue Jean-Jacques Rousseau;;44000;NANTES;;02 40 73 00 25;;;l.bao@hotmail.fr;http://le.bouche.oreille.free.fr/;;;;;oui;;;;;;;;;;;;;Nantes et environs;;;[ 47.2129171 , -1.5614379]
104;BRASSERIE LA CIGALE;4, Place Graslin;;44000;NANTES;;02 51 84 94 94;;;lacigale@lacigale.com;www.lacigale.com;;;;;;;;;1 toque;;;;;;;;;Nantes et environs;Menu adulte : de 14,9 à 27,9;;[ 47.2129501 , -1.5622253]
105;PALATIUM (LE);1 place Aristide Briant;;44200;NANTES;;02 40 35 45 92;;;;;;;;;oui;;;;;;;;;;;;;Nantes et environs;;;[ 47.217169 , -1.56228476]
106;TEMPS CHANGENT (LES);1, Place Aristide Briand;;44000;NANTES;;02 51 72 18 01;;;;http://www.restaurant-lestempschangent.fr;;;;;;;;;1 toque;;;;;;;;;Nantes et environs;Menu adulte : de 15,9 à 72;;[ 47.21745 , -1.5624206]
107;Laurence;1-3 rue Lekain;;44000;NANTES;;02 51 82 67 34;;;;www.restaurant-laurence.com;;;;;;;;;;;;;;;;;;Nantes et environs;;;[ 47.214114 , -1.562771]
108;Le Charette;28 place Viarme;;44000;NANTES;;02 40 35 25 57 ;;;;;;;;;;;;;;;;;;;;;;Nantes et environs;;;[ 47.220844 , -1.563047]
109;Joyi;2 rue Menou;;44000;NANTES;;02 51 82 33 65;;;;www.joyi.fr;;;;;;;;;;;;;;;;;;Nantes et environs;;;[ 47.220386 , -1.56307]
110;L’Alexandre;2 rue Menou;;44000;NANTES;;02 40 89 73 67 ;;;;;;;;;;;;;;;;;;;;;;Nantes et environs;;;[ 47.220386 , -1.56307]
111;Crêperie du Théâtre;6 rue Racine;;44000;NANTES;;02 40 73 82 98;;;;www.creperie-du-theatre.com;;;;;;;;;;;;;;;;;;Nantes et environs;;;[ 47.213666 , -1.563561]
112;Le Grapillon;4 rue Kléber;;44000;NANTES;;02 51 84 27 95 ;;;;;;;;;;;;;;;;;;;;;;Nantes et environs;;;[ 47.213608 , -1.565404]
113;CAPUCINES (LES);11 bis Rue de la Bastille;;44000;NANTES;;02 40 20 41 58;;;restaurant-capucines.com;;;;;;;;;;1 toque;;;;;;;;;Nantes et environs;;;[ 47.2184521 , -1.5655236]
114;Le Montesquieu;1 rue Montesquieu;;44000;NANTES;;02 40 73 06 69;;;;www.lemontesquieu.fr;;;;;;;;;;;;;;;;;;Nantes et environs;;;[ 47.213058 , -1.565937]
115;Les Agapes;17 rue Voltaire;;44000;NANTES;;02 40 89 57 25 ;;;;;;;;;;;;;;;;;;;;;;Nantes et environs;;;[ 47.211862 , -1.565989]
116;La Gavotte;25 rue Voltaire;;44000;NANTES;;;;;;http://www.creperie-lagavotte.com/;;;;;;;;;;;;;;;;;;Nantes et environs;;;[ 47.211574 , -1.566793]
117;RESTAURANT TEO;21, Quai des Antilles;;44000;NANTES;;02 40 08 90 28;;;;www.teo-time.com;;;;;;;;;;;;;;;;;;Nantes et environs;Menu adulte : de 15 à 34;;[ 47.2015476 , -1.5731357]
118;L’Aquarelle;33 rue du Général Leclerc;;44400;REZE;;02 40 75 18 33;;;;www.restaurantlaquarelle.com;;;;;;;;;;;;;;;;;;Nantes et environs;;;[ 47.195532 , -1.574325]
119;La Cantine du Général;36 bd de Launay;;44000;NANTES;;02 40 73 19 18;;;;;;;;;;;;;;;;;;;;;;Nantes et environs;;;[ 47.211298 , -1.575768]
120;L'ENDROIT;Golf Nantes Erdre;Avenue du Bout des Landes;44470;NANTES;;02 40 40 62 62;;;;www.endroit-golf.fr/;;;;;oui;;;;;;;;;;;;;Nantes et environs;;;[ 47.263912 , -1.5802196]
121;La Civelle;21 Quai Marcel Boissard;;44400;REZE;;02 40 75 46 60;;;;www.lacivelle.com;;;;;;;;;;;;;;;;;;Nantes et environs;;;[ 47.1948618 , -1.5830103]
122;RESTAURANT LA MAISON;10 rue du Pays de Retz;;44860;PONT-SAINT-MARTIN;;02 40 32 75 44;;;christiangauthier.auberge@wanadoo.fr;;;;;;oui;;oui;;;;;;;;;;;Pays de Grandlieu, Machecoul et Logne;;;[ 47.12321 , -1.584534]
123;DOMAINE D'ORVAULT (LE);Chemin des Marais du Cens;;44700;ORVAULT;;02 40 76 84 02;;;contact@domaine-orvault.com;www.domaine-orvault.com;;;;;;;;;1 toque;;;;;;;;;Nantes et environs;Menu adulte : de 26 à 56;;[ 47.2589956 , -1.5898053]
124;LES CAUDALIES;229 Route de Vannes;;44800;SAINT-HERBLAIN;;02 40 94 35 35;;;restaurant.les-caudalies@wanadoo.fr;http://www.restaurant-lescaudalies.com;;;;;oui;oui;;;1 toque;;1 étoile;;;;;;;Nantes et environs;;;[ 47.2421076 , -1.5955292]
125;ATLANTIDE (L');16 quai Ernest Renaud;;44100;NANTES;;02 40 73 23 23;;;jygueho@club-internet.fr;http://www.restaurant-atlantide.net;;;;;;;;;4 toques;;1 étoile;;;;;;;Nantes et environs;Menu adulte : de 30 à 95;;[ 47.2080348 , -1.5963603]
126;PAVILLON (LE);379 route de Vannes;;44800;SAINT-HERBLAIN;;02 40 94 99 99;;;;www.restaurant-lepavillon.fr;;;;;oui;oui;;;;;;;;;;;;Nantes et environs;Menu adulte : de 15,5 à 39;;[ 47.252029 , -1.6236666]
127;L'OREE DE BOIS;94 route de la Garenne;;44700;ORVAULT;;02 40 63 63 54;;;;www.resto-loreedubois.com;;;;;oui;;;;;;;;;;;;;Nantes et environs;;;[ 47.265415 , -1.635566]
128;L'ABREUVOIR;La Croix Blanche;;44810;HERIC;;02 40 57 63 81;;;contact@restaurant-abreuvoir.fr;www.restaurant-abreuvoir.fr;;;;;;;;;;;;;;;;;;Canal de Nantes à Brest et Pays de Redon;;;[ 47.421629 , -1.639681]
129;LA BOSSELLE;8 Rue du Port;;44310;SAINT-PHILBERT-DE-GRAND-LIEU;;;;;info@restaurant-hotel-la-bosselle.fr;www.la-bosselle.fr;;;;;;;;;;;;;;;;;;Pays de Grandlieu, Machecoul et Logne;;;[ 47.039996 , -1.641883]
130;Le Carré Blanc;Rue du Moulin de la Rousselière;;44800;SAINT-HERBLAIN;;02 40 63 33 22;;;;www.brasserie-lecarreblanc.fr;;;;;;;;;;;;;;;;;;Nantes et environs;;;[ 47.231398 , -1.64336]
131;ROMARIN (LE);79, Rue de Bretagne;;44880;SAUTRON;;02 40 63 15 87;;;;www.restaurant-leromarin.com;;;;;;;;;1 toque;;;;;;;;;Nantes et environs;;;[ 47.2629936 , -1.6759195]
132;FRANCOIS II (LE);5 place Aristide Briand;;44220;COUERON;;02 40 38 32 32;;;;www.francois2.com;;;;;oui;;;;1 toque;;;;;;;;;Nantes et environs;Menu adulte : de 14 à 50;;[ 47.2108427 , -1.7275436]
133;RESTAURANT ATLANTEL;Les 4 Nations RN 165;;44360;VIGNEUX-DE-BRETAGNE;;02 40 57 10 80;;;atlantel@brithotel.fr;www.brit-hotel-atlantel.fr/;;;;;;oui;;;;;;;;;;;;Canal de Nantes à Brest et Pays de Redon;;;[ 47.3269286 , -1.7380705]
134;NUIT DE RETZ;La Fontaine Saint-Père;;44710;PORT-SAINT-PERE;;;;;nuitderetz@orange.fr;www.hotel-nuitderetz.com;;;;;;;;;;;;;;;;;;Pornic et Pays de Retz;;;[ 47.129603 , -1.743716]
135;AUBERGE DU PAYS DE RETZ;Zone de Loisirs;;44710;PORT-SAINT-PERE;;02 40 04 84 84;;;aubergedupaysderetz@wanadoo.fr;www.auberge-pays-retz.com;;;;;;oui;;;;;;;;;oui;;;Pornic et Pays de Retz;Menu adulte : de 10,5 à 30;;[ 47.134543 , -1.7473586]
136;AUBERGE DE LA FORET;La Maillardais;;44130;LE GAVRE;;02 40 51 20 26;;;reservation@auberge-delaforet.fr;www.auberge-delaforet.fr;;;;;;;;;;;;;;;;;;Canal de Nantes à Brest et Pays de Redon;;;[ 47.52687 , -1.765988]
137;LE COLVERT;14 Route de Pornic;;44580;FRESNAY-EN-RETZ;;02 40 21 46 79;;;;;;;;;oui;;;;1 toque;;;;;;;;;Pays de Grandlieu, Machecoul et Logne;Menu adulte : de 29.50 à 52;;[ 47.0245536 , -1.8766668]
138;LE CHENE VERT;10 Place de l'Hôtel de ville;;44260;SAVENAY;;;;;chenevert.savenay@wanadoo.fr;www.chenevert-savenay.com;;;;;;;;;;;;;;;;;;Presqu'île de Guérande et la Brière;;;[ 47.359281 , -1.943585]
139;LE POICTOV;La Sicaudais;;44320;ARTHON-EN-RETZ ;;02 40 64 65 29;;;;;;;;;;;;;;;;;;;;;;Pornic et Pays de Retz;;;[ 47.187137 , -1.947556]
140;LE RELAIS SAINT CLAIR;31, rue de l'Isac;;44530;GUENROUET;;02 40 87 66 11;;;contact@relais-saint-clair.com;www.relais-saint-clair.com;;;;oui;oui;;;;;;;;;;;;;Canal de Nantes à Brest et Pays de Redon;;;[ 47.5225357 , -1.9505313]
141;RESTAURANT D'EDOUARD;La Ville en Pierre;;44460;AVESSAC;;02 99 71 01 02;;;edouarset@wanadoo.fr;ww.edouardset.com;;;;oui;oui;;;;;;;;;;;;;Canal de Nantes à Brest et Pays de Redon;Menu adulte : de 29 à 61;;[ 47.6362823 , -1.9595362]
142;LE PARADIS DES PECHEURS;Le Cougou;;44530;GUENROUET;;02 40 87 64 10;;;leparadisdespecheurs@wanadoo.fr;;;;;;;oui;;;;;;;;;;;;Canal de Nantes à Brest et Pays de Redon;;;[ 47.5443416 , -2.0100864]
143;AUBERGE LA FONTAINE AUX BRETONS;Chemin des Noelles;;44210;PORNIC;;02 51 74 08 08;;;auberge@auberge-la-fontaine.com;www.auberge-la-fontaine.com;;;;oui;oui;;;;1 toque;;;;;;;;;Pornic et Pays de Retz;;;[ 47.1021345 , -2.0675033]
144;AUBERGE DU POTEAU VERT;1 le Poteau Vert;;44460;SAINT-NICOLAS-DE-REDON;;;;;;;;;;;oui;;;;;;;;;;;;;Canal de Nantes à Brest et Pays de Redon;;;[ 47.644221 , -2.068266]
145;BEAU RIVAGE;Plage de la Birochère;BP 8;44210;PORNIC;;02 40 82 03 08;;;info@restaurant-beaurivage.com;www.restaurant-beaurivage.com;;;;oui;oui;;;;2 toques;;;;;;;;;Pornic et Pays de Retz;;;[ 47.1368749 , -2.0802799]
146;Le 11;11 rue de Verdun;;44160;PONTCHATEAU;;02 40 42 23 28;;;;;;;;;;;;;;;;;;;;;;Presqu'île de Guérande et la Brière;;;[ 47.435249 , -2.090044]
147;LES COLONNADES;6-8 route de Saint Père en Retz;;44210;PORNIC;;02 40 82 85 49;;;lescolonnades44@wanadoo.fr;www.restaurant-les-colonnades.fr;;;;;oui;oui;;;;;;;;;;;;Pornic et Pays de Retz;Menu adulte : de 16 à 49,5;;[ 47.1204697 , -2.1003904]
148;L'ANA GRAM;Place du Petit Nice;70 quai Leray;44210;PORNIC;;02 40 82 51 25;;;;;;;;;;;;;1 toque;;;;;;;;;Pornic et Pays de Retz;Menu adulte : de 13.50 à 29;;[ 47.1146891 , -2.1042527]
149;MANOIR DE LA BRIANDAIS;La Briandais;;44780;MISSILLAC;;02 40 88 32 66;;;manoir.briandais@wanadoo.fr;;;;;;;;;;;;;;;;;;;Presqu'île de Guérande et la Brière;;;[ 47.5142861 , -2.1117212]
150;LE CLOS DE MELANIE;1, route de la brière;;44160;PONTCHATEAU;;02 40 88 08 39;;;jlprier@orange.fr;www.leclosdemelanie.com;;;;oui;;oui;;;;;;;;;;;;Presqu'île de Guérande et la Brière;;;[ 47.443233 , -2.130888]
151;LES SABLONS;13 Rue des Sablons;;44210;PORNIC;;;;;hotelesablons@wanadoo.fr;www.hotelesablons.com;;;;;;;;;;;;;;;;;;Pornic et Pays de Retz;;;[ 47.11238 , -2.134939]
152;AUBERGE DU CALVAIRE;6 route de la Briere;;44160;PONTCHATEAU;;02 40 01 61 65;;;aubergeducalvaire@orange.fr;;;;;;;;;;;;;;;;;;;Presqu'île de Guérande et la Brière;;;[ 47.442237 , -2.134947]
153;AUBERGE DU CHALAND;49 La Tennière;;44160;SAINTE-REINE-DE-BRETAGNE;;02 40 01 05 28;;;chaland44@orange.fr;;;;;;;;;;;;;;;;;;;Presqu'île de Guérande et la Brière;Menu adulte : de 10.50 à 26.50;;[ 47.42382975 , -2.14274841]
154;LA FERME DU BLANCHOT;Le Blanchot;;44160;CROSSAC;;02 40 00 34 70;;;contact@lafermedublanchot.fr;www.lafermedublanchot.fr;;;;;;;;;;;;;;;;;;Presqu'île de Guérande et la Brière;Menu adulte : de 25 à 40;;[ 47.407093 , -2.163913]
155;Le Bac à Blé;67 bd de la République;;44730;SAINT-MICHEL-CHEF-CHEF;;02 40 64 90 90;;;;;;;;;;;;;;;;;;;;;;Pornic et Pays de Retz;;;[ 47.165761 , -2.165022]
156;LE BELEM;56 avenue de la Convention;;44730;SAINT-MICHEL-CHEF-CHEF;;02 40 64 90 06;;;brunoboucard44@orange.fr;www.restaurant-belem.fr;;;;;;;oui;;;;;;;;;;;Pornic et Pays de Retz;;;[ 47.16839639 , -2.16596344]
157;L'EMPREINTE;119 Boulevard de l'Océan;;44730;SAINT-MICHEL-CHEF-CHEF;;;;;lempreinte.tharon@orange.fr;www.hotel-restaurant-lempreinte.com;;;;;;;;;;;;;;;;;;Pornic et Pays de Retz;;;[ 47.168363 , -2.166226]
158;RESTAURANT DE LA BRETESCHE, LE MONTAIGU;;;44780;MISSILLAC;;02 51 76 86 96;;;hotel@bretesche.com;www.bretesche.fr;;;;;oui;;;;3 toques;;;;;;;;;Presqu'île de Guérande et la Brière;Menu adulte : de 48 à 106;;[ 47.481524 , -2.172439]
159;Di 20 WineBar;7 rue du Bois Savary;;44600;SAINT-NAZAIRE;; 02 40 15 19 20;;;di20.fr;;;;;;;;;;;;;;;;;;;Presqu'île de Guérande et la Brière;;;[ 47.274708 , -2.207103]
160;ANNE DE BRETAGNE;Port de la Gravette;;44770;LA PLAINE-SUR-MER;;02 40 21 54 72;;;bienvenue@annedebretagne.com;www.annedebretagne.com;;;;;;;;;3 toques;;2 étoiles;;;;;;;Pornic et Pays de Retz;Menu adulte : de 35 à 115;;[ 47.159 , -2.2091667]
161;Le Berry;1 pl Pierre-Semard;;44600;SAINT-NAZAIRE;;02 40 22 42 61;;;hotel-du-berry.fr;;;;;;;;;;;;;;;;;;;Presqu'île de Guérande et la Brière;;;[ 47.285024 , -2.211034]
162;LA MARE AUX OISEAUX;162 île de Fédrun;;44720;SAINT-JOACHIM;;02 40 88 53 01;;;courriel@mareauxoiseaux.fr;www.mareauxoiseaux.fr;;;;;oui;;oui;;3 toques;;;;;;;;;Presqu'île de Guérande et la Brière;Menu adulte : de 40 à 85;;[ 47.3728326 , -2.2136265]
163;LA HUTTE BRIERONNE;181, Ile de Fédrun;;44720;SAINT-JOACHIM;;02 40 88 43 05;;;;www.lahutte-brieronne.fr;;;;;;;;;;;;;;;;;;Presqu'île de Guérande et la Brière;Menu adulte : de 15 à 32;;[ 47.3719695 , -2.2136289]
164;BRASSERIE F;4 place St Pierre;;44000;NANTES;;02 40 47 79 69;;;;www.le-f.fr;;;;;oui;;;;;;;;;;;;;Nantes et environs;;Carte bleue,Cartes de paiement,Chèque,Cheques bancaires et postaux,Espèce,Visa,;[ 47.2185047 , -1.5446583]
165;LA PLAGE DE M. HULOT;37 rue du Commandant Charcot;ST Marc sur Mer;44600;SAINT-NAZAIRE;;;;;;;;;;;oui;;;;;;;;;;;;;Presqu'île de Guérande et la Brière;;;[ 47.2734979 , -2.213848]
166;BRASSERIE LE TRANSAT;60 boulevard Wilson;;44600;SAINT-NAZAIRE;;02 40 00 16 96;;;letransat44@orange.fr;;;;;;;;;;;;;;;oui;oui;oui;;Saint-Nazaire et l'Estuaire de la Loire;;;[ 47.268822 , -2.214707]
167;LE COLIBRI;2, rue de la Bascule;;44410;LA CHAPELLE-DES-MARAIS;;02 40 53 23 60;;;mickael-carine@wanadoo.fr;;;;;;;;;;;;;;oui;oui;oui;oui;;Presqu'île de Guérande et la Brière;Menu adulte : de 15 à 24;;[ 47.4478226 , -2.2408885]
168;LE CALLUNA;Pointe Saint Gildas;;44770;PREFAILLES;;;;;reservation@lecalluna.com;www.lecalluna.com;;;;;;;;;;;;;;;;;;Pornic et Pays de Retz;;;[ 47.133571 , -2.245674]
169;AUBERGE DU HAUT MARLAND;Le Haut Marland;;44117;SAINT-ANDRE-DES-EAUX;;02 40 01 29 00;;;;www.restaurant-auberge-duhautmarland.com;;;;;;;;;;;;;;;;;;Presqu'île de Guérande et la Brière;Menu adulte : de 14.80 à 50;;[ 47.3320745 , -2.2906792]
170;AUBERGE LES TYPHAS;Rue du Vignonnet;D47 Face au Lac;44410;SAINT-LYPHARD;;02 40 91 32 32;;;info@leschaumieresdulac.com;www.leschaumieresdulac.com;;;;;;oui;;;1 toque;;;;oui;oui;oui;oui;;Presqu'île de Guérande et la Brière;Menu adulte : de 19.90 à 44;;[ 47.3992074 , -2.3047468]
171;AUBERGE DE KER-ROLAND;Route de Férel;;44410;HERBIGNAC;;02 51 76 91 76;;;contact@aubergedekerroland.com;www.aubergedekerroland.com;;;;;;;;;;;;;;;;;;Presqu'île de Guérande et la Brière;Menu adulte : de 20 à 45;;[ 47.4481474 , -2.3186765]
172;AUBERGE LE NEZIL;Le Nézyl;;44410;SAINT-LYPHARD;;02 40 91 41 41;;;aubergelenezil@wanadoo.fr;www.aubergelenezil.com;;;;;;;;;;;;;;;;;;Presqu'île de Guérande et la Brière;Menu adulte : de 19,6 à 50;;[ 47.3714497 , -2.3235693]
173;AUBERGE DE BRECA;Bréca;;44410;SAINT-LYPHARD;;02 40 91 41 42;;;aubergedebreca@wanadoo.fr;www.auberge-breca.com;;;;;oui;oui;;;2 toques;;;;;;;;;Presqu'île de Guérande et la Brière;Menu adulte : de 28 à 54;;[ 47.3649064 , -2.3328413]
174;LE BILLOT;17, allée des Pétrels;Place du marché;44500;LA BAULE;;02 40 60 00 00;;;;;;;;;;;;;1 toque;;;;;;;;;Presqu'île de Guérande et la Brière;Menu adulte : de 30 à 0;;[ 47.2603637 , -2.3378644]
175;AUBERGE DE KERHINET;10, village de Kerhinet;;44410;SAINT-LYPHARD;;02 40 61 91 46;;;;;;;;;;;;;;;;;;;;;;Presqu'île de Guérande et la Brière;Menu adulte : de 25 à 0;;[ 47.3644631 , -2.3489362]
176;LE SUNSET;Sur la Plage;Face au 138 boulevard des Océanides;44380;PORNICHET;;;;;;;;;;;oui;;;;1 toque;;;;;;;;;Presqu'île de Guérande et la Brière;;;[ 47.269109 , -2.3497295]
177;LE REGENT;150 Boulevard des Océanides;;44380;PORNICHET;;;;;hotel@le-regent.fr;www.le-regent.fr;;;;;;;;;;;;;;;;;;Presqu'île de Guérande et la Brière;;;[ 47.269608 , -2.350835]
178;LE GRAIN DE FOLIE;150, boulevard des Océanides;;44380;PORNICHET;;02 40 61 04 04;;;hotel@le-regent.fr;www.grain2folie.fr;;;;;;;;;;;;;;;;;;Presqu'île de Guérande et la Brière;Menu adulte : de 15,6 à 0;;[ 47.2699604 , -2.3509926]
179;CARPE DIEM;29, avenue Jean Boutroux;;44500;LA BAULE;;02 40 24 13 14;;;contact@le-carpediem.fr;www.le-carpediem.fr;;;;;;;;;1 toque;;;;;;;;;Presqu'île de Guérande et la Brière;;;[ 47.3040334 , -2.3556956]
180;LA CHAUMIERE DES MARAIS;Kermoureau;;44410;HERBIGNAC;;02 40 91 32 36;;;lachaumieredesmarais@orange.fr;;;;;oui;;;;;;;;;;;;;;Presqu'île de Guérande et la Brière;;;[ 47.370388 , -2.3558698]
181;LA VERANDA;27, boulevard de l'Océan;;44500;LA BAULE;;02 40 60 57 77;;;contact@restaurant-laveranda.com;www.restaurant-laveranda.com;;;;oui;oui;;;;2 toques;;;;;;;;;Presqu'île de Guérande et la Brière;;;[ 47.278698 , -2.3731482]
182;LE PARIS;138 avenue des Ondines;;44500;LA BAULE;;02 40 70 09 01;;;contact@hoteldeparis-labaule.com;www.hoteldeparis-labaule.com;;;;;;;;;;;;;;;;;;Presqu'île de Guérande et la Brière;;;[ 47.2880836 , -2.3897827]
183;L'EDEN BEACH;5, esplanade Lucien Barrière;Face à l'Hôtel Hemitage Barrière;44500;LA BAULE;;02 40 11 46 16;;;hermitage@lucienbarriere.com;www.hermitage-barriere.com;;;;;;;;;1 toque;;;;;;;;;Presqu'île de Guérande et la Brière;Menu adulte : de 28 à 45;;[ 47.2869657 , -2.3914496]
184;LA ROTONDE;6, avenue Pierre Loti;BP 174;44500;LA BAULE;;02 40 11 48 48;;;royalthalasso@lucienbarriere.com;www.lucienbarriere.com;;;;;;;;;1 toque;;;;;;;;;Presqu'île de Guérande et la Brière;;;[ 47.2869657 , -2.3914496]
185;NOSSY-BE;boulevard Darlu;BP 36;44500;LA BAULE;;02 40 60 42 25;;;contact@nossybe.com;www.nossybe.com;;;;;;;;;1 toque;;;;;;;;;Presqu'île de Guérande et la Brière;;;[ 47.2869657 , -2.3914496]
186;LUTETIA Rest. LE ROSSINI;13 avenue Olivier Guichard;;44500;LA BAULE;;02 40 60 25 81;;;contact@lutetia-labaule.com;www.lutetia-labaule.com;;;;;;;;;;;;;;;;;;Presqu'île de Guérande et la Brière;;;[ 47.2833105 , -2.3942455]
187;SAINT CHRISTOPHE;Place Notre Dame;;44500;LA BAULE;;02 40 62 40 00;;;reception@st-christophe.com;www.st-christophe.com;;;;;;;;;;;;;;;;;;Presqu'île de Guérande et la Brière;;;[ 47.2836319 , -2.3960028]
188;RELAIS & CHATEAUX CASTEL MARIE-LOUISE;1, avenue Andrieu;B.P.409;44500;LA BAULE;;02 40 11 48 38;;;marielouise@relaischateaux.com;www.castel-marie-louise.com;;;;;;;oui;;5 toques;;1 étoile;;;;;;;Presqu'île de Guérande et la Brière;Menu adulte : de 57 à 110;;[ 47.28205912 , -2.40378141]
189;Castel Marie-Louise;1 avenue Andrieu;;44500;LA BAULE;;02 40 11 48 38;;;marielouise@relaischateaux.com;www.castel-marie-louise.com;;;;;oui;;oui;;;;;;;;;;;Presqu'île de Guérande et la Brière;;;[ 47.2812881 , -2.4077933]
190;LE RUBAN BLEU;2, avenue de la Noue;;44500;LA BAULE;;02 40 60 24 86;;;h5692@accor.com;www.hotelmercure-labaule.com;;;;;;;;;1 toque;;;;;;;;;Presqu'île de Guérande et la Brière;;;[ 47.280693 , -2.4084157]
191;LE BALZAC;2 place du Vieux Marché;;44350;GUERANDE;;;;;;;;;;;oui;;;;;;;;;;;;;Presqu'île de Guérande et la Brière;;;[ 47.38583698 , -2.41397827]
192;LE GARDE-COTE;1 Promenade du port;;44510;LE POULIGUEN;;02 40 42 31 20;;;legardecote@wanadoo.fr;www.garde-cote.com;;;;;;;;;;;;;;oui;oui;oui;;Presqu'île de Guérande et la Brière;Menu adulte : de 15 à 30;;[ 47.2755984 , -2.4258823]
193;LES REMPARTS;15 boulevard du Nord;;44350;GUERANDE;;02 40 24 90 69;;;;;;;;;;;;;1 toque;;;;;;;;;Presqu'île de Guérande et la Brière;Menu adulte : de 16.50 à 0;;[ 47.3280761 , -2.4266204]
194;BRASSERIE DU CENTRE;2 place de la Psalette;;44350;GUERANDE;;;;;;;;;;;oui;;;;;;;;;;;;;Presqu'île de Guérande et la Brière;;Carte bleue,Cartes de paiement,Chèque,Chèques Vacances,Espèce,Eurocard - Mastercard,Visa,;[ 47.3280592 , -2.4295765]
195;LES VOYAGEURS;12 boulevard de l'abreuvoir;;44350;GUERANDE;;02 40 24 90 13;;;contact@hotel-voyageurs.fr;;;;;;;;;;;;;;;;;;;Presqu'île de Guérande et la Brière;;;[ 47.3298789 , -2.4297179]
196;La Cabane à Jules;Léniphen-Saillé;;44350;GUERANDE;;02 40 88 78 24;;;lacabaneajules.com;;;;;;;;;;;;;;;;;;;Presqu'île de Guérande et la Brière;;;[ 47.295172 , -2.431333]
197;LE DUGUAY-TROUIN;26 quai Jules Sandeau;;44510;LE POULIGUEN;;02 40 42 32 05;;;leduguaytrouin@orange.fr;www.leduguay.fr;;;;;;oui;;;;;;;;;;;;Presqu'île de Guérande et la Brière;Menu adulte : de 29 à 78;;[ 47.2690767 , -2.4331035]
198;CAFE JULES;15 quai Jules-Sandeau;;44510;LE POULIGUEN;;02 40 42 31 79;;;;cafejules.com;;;;;;;;;;;;;;;;;;Presqu'île de Guérande et la Brière;;;[ 47.27009011 , -2.44061048]
199;LA VIEILLE FORGE;32 rue d'Aha;;44420;MESQUER;;02 40 42 62 68;;;lavieilleforge44@orange.fr;www.vieilleforge.fr;;;;oui;oui;;;;1 toque;;;;;;;;;Presqu'île de Guérande et la Brière;;;[ 47.3989723 , -2.4601976]
200;CRÊPERIE DU DERWIN;Allée du Derwin;;44740;BATZ-SUR-MER;;;;;;;;;;;;;;;1 toque;;;;;;;;;Presqu'île de Guérande et la Brière;;;[ 47.2708543 , -2.4679844]
201;LA ROCHE MATHIEU;28, rue du Golf « Côte Sauvage »;;44740;BATZ-SUR-MER;;02 40 23 92 12;;;laroche.mathieu@wanado.fr;www.laroche.mathieur.voila.net;;;;oui;;oui;;;;;;;;;;;;Presqu'île de Guérande et la Brière;;;[ 47.272935 , -2.478828]
202;Le Derwin;Rte de la Côte Sauvage;;44740;BATZ-SUR-MER;;02 40 23 90 06;;;;;;;;;;;;;;;;;;;;;;Presqu'île de Guérande et la Brière;;;[ 47.277641 , -2.479422]
203;LE RELAIS MARINE;276 Rue Centrale;;44420;MESQUER;;;;;relaismarine@orange.fr;www.relaismarine.fr;;;;;;;;;;;;;;;;;;Presqu'île de Guérande et la Brière;;;[ 47.40542 , -2.4819]
204;DE PEN BRON;;;44420;LA TURBALLE;;;;;hotelpenbron@wanadoo.fr;www.hotels-aptitudes.com;;;;;;;;;;;;;;;;;;Presqu'île de Guérande et la Brière;;;[ 47.3029419 , -2.510541]
205;LES NIDS;15 rue Pasteur;;44490;LE CROISIC;;02 40 23 00 63;;;hotellesnids@worldonline.fr;www.hotellesnids.com;;;;;;;;;;;;;;;;;;Presqu'île de Guérande et la Brière;;;[ 47.2851307 , -2.5131612]
206;LE LENIGO;11 quai du Lénigo;;44490;LE CROISIC;;02 40 23 00 31;;;;;;;;;;;;;1 toque;;;;;;;;;Presqu'île de Guérande et la Brière;;;[ 47.2981729 , -2.5151765]
207;L'OCEAN;Port Lin;;44490;LE CROISIC;;02 40 62 90 03;;;;;;;;;;;;;2 toques;;;;;;;;;Presqu'île de Guérande et la Brière;;;[ 47.291638 , -2.5206328]
208;RESTAURANT FORT DE L'OCEAN;La Pointe du Croisic;;44490;LE CROISIC;;02 40 15 77 77;;;fortocean@fr.oleane.com;www.fort-ocean.com;;;;;;;;;2 toques;;;;;;;;;Presqu'île de Guérande et la Brière;Menu adulte : de 34 à 80;;[ 47.2905815 , -2.5422991]
209;Bodega Bay;17 rue Keroman;;44420;PIRIAC-SUR-MER;;02 40 23 62 24;;;www.bodegabay.fr;;;;;;;;;;;;;;;;;;;Presqu'île de Guérande et la Brière;;;[ 47.379836 , -2.546404]
210;DE LA POSTE Rest. LA TERRASSE FLEURIE;26 rue de la Plage;;44420;PIRIAC-SUR-MER;;02 40 23 50 90;;;piriac.hoteldelaposte@wanadoo.fr;www.piriac-hoteldelaposte.com;;;;;;;;;;;;;;;;;;Presqu'île de Guérande et la Brière;;;[ 47.379374 , -2.54652]
